company,product_family,family_confidence,month,total_revenue,total_units,asin_count,product_count,avg_price,avg_bsr,reviews,review_change,mom_revenue_growth,yoy_revenue_growth,rolling_3m_revenue,rolling_6m_revenue,revenue_share_in_company,data_quality_warnings
"coway","Other","low","2024-05","68233.454","672.9333333333333","71","71","40.0819248826291","91424.72179487182","8694",,,,,,"100","monthly_sales_missing | monthly_revenue_missing | monthly_sales_missing | monthly_revenue_missing | monthly_sales_missing"
"coway","Other","low","2024-06","58069.265804332324","618.2522258711913","71","71","51.803291079812205","108213.13408021534","8720","26","-14.9",,,,"100","monthly_sales_missing | monthly_revenue_missing | monthly_sales_missing | monthly_revenue_missing | monthly_sales_missing"
"coway","Other","low","2024-07","107192.01160522271","1109.7016385048641","71","71","57.16914584279873","118855.10189283326","22223","13503","84.6",,"233494.73140955504",,"100","monthly_sales_missing | monthly_revenue_missing | monthly_sales_missing | monthly_revenue_missing | monthly_sales_missing"
"coway","Other","low","2024-08","66354.91064516129","615.6451612903227","71","71","56.32781008632436","121614.14439324115","22315","92","-38.1",,"231616.18805471633",,"100","monthly_sales_missing | monthly_revenue_missing | monthly_sales_missing | monthly_revenue_missing | monthly_sales_missing"
"coway","Other","low","2024-09","78740.34366666665","818.8666666666666","71","71","75.7296056338028","125563.03968253972","23086","771","18.7",,"252287.26591705065",,"100","monthly_sales_missing | monthly_revenue_missing | monthly_sales_missing | monthly_revenue_missing | monthly_sales_missing"
"coway","Other","low","2024-10","83743.50903225805","753.8860215053764","71","71","73.55981372103587","125928.59222175674","23329","243","6.4",,"228838.763344086","462333.4947536411","100","monthly_sales_missing | monthly_revenue_missing | monthly_sales_missing | monthly_revenue_missing | monthly_sales_missing"
"coway","Other","low","2024-11","134738.24208333332","1236.808333333333","71","71","82.05895774647885","136218.0134751773","26506","3177","60.9",,"297222.09478225803","528838.2828369744","100","monthly_sales_missing | monthly_revenue_missing | monthly_sales_missing | monthly_revenue_missing | monthly_sales_missing"
"coway","Other","low","2024-12","191671.71387096774","2029.741935483871","71","71","76.52889595638345","139786.66437886067","27694","1188","42.3",,"410153.4649865591","662440.7309036098","100","monthly_sales_missing | monthly_revenue_missing | monthly_sales_missing | monthly_revenue_missing | monthly_sales_missing"
"coway","Other","low","2025-01","90061.63504908838","837.1851332398315","71","71","78.41368923216717","160433.2443899018","28563","869","-53",,"416471.59100338945","645310.3543474755","100","monthly_sales_missing | monthly_revenue_missing | monthly_sales_missing | monthly_revenue_missing | monthly_sales_missing"
"coway","Other","low","2025-02","77703.51749999997","746.797619047619","71","71","73.53089034205232","180172.05133928577","25783","-2780","-13.7",,"359436.8664200561","656658.9612023141","100","monthly_sales_missing | monthly_revenue_missing | monthly_sales_missing | monthly_revenue_missing | monthly_sales_missing"
"coway","Other","low","2025-03","93443.11419354839","908.1889400921659","71","71","71.4621444797819","205202.22331029188","28394","2611","20.3",,"261208.26674263674","671361.7317291959","100","monthly_sales_missing | monthly_revenue_missing | monthly_sales_missing | monthly_revenue_missing | monthly_sales_missing"
"coway","Other","low","2025-04","93384.41733333335","913.0333333333334","71","71","59.36468544600939","217081.92836879435","29888","1494","-0.1",,"264531.0490268817","681002.6400302711","100","monthly_sales_missing | monthly_revenue_missing | monthly_sales_missing | monthly_revenue_missing | monthly_sales_missing"
"coway","Other","low","2025-05","117080.34774193547","1143.4516129032256","71","71","60.04190822353473","226404.54426904596","27634","-2254","25.4","71.6","303907.8792688172","663344.7456888733","100","monthly_sales_missing | monthly_revenue_missing | monthly_sales_missing | monthly_revenue_missing | monthly_sales_missing"
"coway","Other","low","2025-06","119921.693","1018.3000000000002","71","71","72.07943192488263","246922.87986111114","28999","1365","2.4","106.5","330386.4580752688","591594.7248179056","100","monthly_sales_missing | monthly_revenue_missing | monthly_sales_missing | monthly_revenue_missing | monthly_sales_missing"
"coway","Other","low","2025-07","250700.514516129","2039","71","71","87.23244434348022","257658.00067204298","31469","2470","109.1","133.9","487702.55525806453","752233.6042849462","100","monthly_sales_missing | monthly_revenue_missing | monthly_sales_missing | monthly_revenue_missing | monthly_sales_missing"
"coway","Other","low","2025-08","108043.02387096772","1051.1612903225807","71","71","84.54173557473872","276701.6377688172","29953","-1516","-56.9","62.8","478665.23138709675","782573.110655914","100","monthly_sales_missing | monthly_revenue_missing | monthly_sales_missing | monthly_revenue_missing | monthly_sales_missing"
"coway","Other","low","2025-09","114319.6891954023","998.6476190476191","71","71","92.03203286384972","294809.89008746354","33614","3661","5.8","45.2","473063.22758249904","803449.6856577678","100","monthly_sales_missing | monthly_revenue_missing | monthly_sales_missing | monthly_revenue_missing | monthly_sales_missing"
"coway","Other","low","2025-10","156606.01129032255","1374.7419354838717","71","71","93.0214220808723","304863.42264647793","34108","494","37","87","378968.7243566926","866671.279614757","100","monthly_sales_missing | monthly_revenue_missing | monthly_sales_missing | monthly_revenue_missing | monthly_sales_missing"
"coway","Other","low","2025-11","173141.93380459768","1571.302740937224","71","71","96.67553990610324","329467.37633709545","35094","986","10.6","28.5","444067.63429032254","922732.8656774192","100","monthly_sales_missing | monthly_revenue_missing | monthly_sales_missing | monthly_revenue_missing | monthly_sales_missing"
"coway","Other","low","2025-12","264969.4145161291","2793.247311827956","71","71","91.07555202180825","352389.8412397217","35508","414","53","38.2","594717.3596110493","1067780.5871935484","100","monthly_sales_missing | monthly_revenue_missing | monthly_sales_missing | monthly_revenue_missing | monthly_sales_missing"
"coway","Other","low","2026-01","150105.48516129036","1284.7096774193549","71","71","97.85443434802357","384414.85677419364","36641","1133","-43.3","66.7","588216.8334820172","967185.5578387097","100","monthly_sales_missing | monthly_revenue_missing | monthly_sales_missing | monthly_revenue_missing | monthly_sales_missing"
"coway","Other","low","2026-02","120709.92678571431","1040.857142857143","71","71","100.11432092555326","411261.4550000001","37629","988","-19.6","55.3","535784.8264631338","979852.4607534565","100","monthly_sales_missing | monthly_revenue_missing | monthly_sales_missing | monthly_revenue_missing | monthly_sales_missing"
"coway","Other","low","2026-03","140293.81061443937","1196.6850998463904","71","71","100.9012903225806","432666.856450107","38184","555","16.2","50.1","411109.22256144404","1005826.5821724935","100","monthly_sales_missing | monthly_revenue_missing | monthly_sales_missing | monthly_revenue_missing | monthly_sales_missing"
"coway","Other","low","2026-04","149678.01600000003","1270.7333333333336","71","71","106.49517370892018","456549.3493589743","38912","728","6.7","60.3","410681.7534001537","998898.586882171","100","monthly_sales_missing | monthly_revenue_missing | monthly_sales_missing | monthly_revenue_missing | monthly_sales_missing"
"coway","Other","low","2026-05","124824.7292","1419.3399999999995","71","71","108.95868169014082","482096.3033962263","39229","317","-16.6","6.6","414796.5558144394","950581.3822775732","100","monthly_sales_missing | monthly_revenue_missing | monthly_sales_missing | monthly_revenue_missing | monthly_sales_missing"
"samyang","Buldak carbonara family","high","2024-05","20582.58","1982.4","18","18","5.765092592592594","28020.560000000005","23603",,,,,,"32.45","monthly_sales_missing | monthly_revenue_missing | monthly_sales_missing | monthly_revenue_missing | monthly_sales_missing"
"samyang","Buldak carbonara family","high","2024-06","18290.040666666668","1748.05","18","18","6.716648148148149","47219.46428571429","23662","59","-11.1",,,,"33.52","monthly_sales_missing | monthly_revenue_missing | monthly_sales_missing | monthly_revenue_missing | monthly_sales_missing"
"samyang","Buldak carbonara family","high","2024-07","15961.87935483871","1567.322580645161","18","18","6.9965053763440865","53629.351116625316","115232","91570","-12.7",,"54834.50002150538",,"34.81","monthly_sales_missing | monthly_revenue_missing | monthly_sales_missing | monthly_revenue_missing | monthly_sales_missing"
"samyang","Buldak carbonara family","high","2024-08","15425.416869070208","1540.7438330170778","18","18","7.447437275985665","65842.94479081956","115893","661","-3.4",,"49677.336890575585",,"37.07","monthly_sales_missing | monthly_revenue_missing | monthly_sales_missing | monthly_revenue_missing | monthly_sales_missing"
"samyang","Buldak carbonara family","high","2024-09","15644.004","1306.2333333333333","18","18","8.28287037037037","70398.42888888888","117480","1587","1.4",,"47031.30022390892",,"36.33","monthly_sales_missing | monthly_revenue_missing | monthly_sales_missing | monthly_revenue_missing | monthly_sales_missing"
"samyang","Buldak carbonara family","high","2024-10","14169.594516129033","1306.8387096774195","18","18","8.207867383512546","67977.32043010752","118080","600","-9.4",,"45239.015385199236","100073.51540670462","34.33","monthly_sales_missing | monthly_revenue_missing | monthly_sales_missing | monthly_revenue_missing | monthly_sales_missing"
"samyang","Buldak carbonara family","high","2024-11","17045.173333333332","1646.2666666666667","18","18","8.197296296296297","73177.02666666666","126259","8179","20.3",,"46858.77184946237","96536.10874003795","32.87","monthly_sales_missing | monthly_revenue_missing | monthly_sales_missing | monthly_revenue_missing | monthly_sales_missing"
"samyang","Buldak carbonara family","high","2024-12","21234.460645161293","2119.8387096774195","18","18","7.68858422939068","74549.91827956989","114456","-11803","24.6",,"52449.22849462366","99480.52871853257","40.58","monthly_sales_missing | monthly_revenue_missing | monthly_sales_missing | monthly_revenue_missing | monthly_sales_missing"
"samyang","Buldak carbonara family","high","2025-01","16078.449032258066","1544.354838709677","18","18","7.455609318996417","73193.05161290323","15396","-99060","-24.3",,"54358.08301075269","99597.09839595194","33.84","monthly_sales_missing | monthly_revenue_missing | monthly_sales_missing | monthly_revenue_missing | monthly_sales_missing"
"samyang","Buldak carbonara family","high","2025-02","14125.524642857143","1856.9285714285713","18","18","6.77890873015873","63402.669047619056","116456","101060","-12.1",,"51438.4343202765","98297.20616973887","36.85","monthly_sales_missing | monthly_revenue_missing | monthly_sales_missing | monthly_revenue_missing | monthly_sales_missing"
"samyang","Buldak carbonara family","high","2025-03","13022.388387096771","1203.3548387096773","18","18","7.366594982078855","59694.42795698926","118435","1979","-7.8",,"43226.36206221198","95675.59055683564","35.43","monthly_sales_missing | monthly_revenue_missing | monthly_sales_missing | monthly_revenue_missing | monthly_sales_missing"
"samyang","Buldak carbonara family","high","2025-04","14130.767333333331","1299.6000000000001","18","18","7.302259259259259","60792.93555555555","114100","-4335","8.5",,"41278.68036328725","95636.76337403995","35.35","monthly_sales_missing | monthly_revenue_missing | monthly_sales_missing | monthly_revenue_missing | monthly_sales_missing"
"samyang","Buldak carbonara family","high","2025-05","13211.147096774197","1829.8064516129034","18","18","6.550483870967743","61568.84516129032","114636","536","-6.5","-35.8","40364.3028172043","91802.7371374808","38.69","monthly_sales_missing | monthly_revenue_missing | monthly_sales_missing | monthly_revenue_missing | monthly_sales_missing"
"samyang","Buldak carbonara family","high","2025-06","13146.813","2337.3","18","18","7.104203703703703","61421.328888888886","115078","442","-0.5","-28.1","40488.72743010753","83715.0894923195","37.51","monthly_sales_missing | monthly_revenue_missing | monthly_sales_missing | monthly_revenue_missing | monthly_sales_missing"
"samyang","Buldak carbonara family","high","2025-07","12444.280645161289","2512.5806451612902","18","18","6.9511469534050185","66899.22150537635","116132","1054","-5.3","-22","38802.240741935486","80080.92110522273","37.01","monthly_sales_missing | monthly_revenue_missing | monthly_sales_missing | monthly_revenue_missing | monthly_sales_missing"
"samyang","Buldak carbonara family","high","2025-08","12636.887741935483","2608.8064516129025","18","18","7.060878136200717","66071.49677419355","110975","-5157","1.5","-18.1","38227.98138709677","78592.28420430108","37.28","monthly_sales_missing | monthly_revenue_missing | monthly_sales_missing | monthly_revenue_missing | monthly_sales_missing"
"samyang","Buldak carbonara family","high","2025-09","12597.473000000002","2317.5","18","18","7.1797777777777805","71470.90888888888","112833","1858","-0.3","-19.5","37678.64138709677","78167.3688172043","38.18","monthly_sales_missing | monthly_revenue_missing | monthly_sales_missing | monthly_revenue_missing | monthly_sales_missing"
"samyang","Buldak carbonara family","high","2025-10","10162.86677419355","1975.6774193548388","18","18","7.150340501792115","71388.13333333335","113518","685","-19.3","-28.3","35397.22751612903","74199.46825806452","36.7","monthly_sales_missing | monthly_revenue_missing | monthly_sales_missing | monthly_revenue_missing | monthly_sales_missing"
"samyang","Buldak carbonara family","high","2025-11","8885.143","1777.7666666666667","18","18","6.532888888888889","77708.2688888889","116166","2648","-12.6","-47.9","31645.48277419355","69873.46416129032","38.37","monthly_sales_missing | monthly_revenue_missing | monthly_sales_missing | monthly_revenue_missing | monthly_sales_missing"
"samyang","Buldak carbonara family","high","2025-12","10586.522258064517","2168.258064516129","18","18","7.184498207885306","79643.38279569893","117052","886","19.1","-50.1","29634.532032258066","67313.17341935485","36.16","monthly_sales_missing | monthly_revenue_missing | monthly_sales_missing | monthly_revenue_missing | monthly_sales_missing"
"samyang","Buldak carbonara family","high","2026-01","9968.638709677416","2009.6129032258061","18","18","7.126290322580646","97953.85685483871","118273","1221","-5.8","-38","29440.303967741933","64837.53148387096","35.52","monthly_sales_missing | monthly_revenue_missing | monthly_sales_missing | monthly_revenue_missing | monthly_sales_missing"
"samyang","Buldak carbonara family","high","2026-02","10264.022857142856","2400.7142857142853","18","18","7.095972222222223","101834.79999999997","119140","867","3","-27.3","30819.18382488479","62464.66659907834","38.83","monthly_sales_missing | monthly_revenue_missing | monthly_sales_missing | monthly_revenue_missing | monthly_sales_missing"
"samyang","Buldak carbonara family","high","2026-03","9021.891935483869","2244.83870967742","18","18","7.123763440860214","107826.31827956988","120245","1105","-12.1","-30.7","29254.55350230414","58889.08553456221","39.08","monthly_sales_missing | monthly_revenue_missing | monthly_sales_missing | monthly_revenue_missing | monthly_sales_missing"
"samyang","Buldak carbonara family","high","2026-04","9108.823370370372","2224.0703703703707","18","18","7.24975925925926","118451.24930555557","28132","-92113","1","-35.5","28394.7381629971","57835.042130739035","36.44","monthly_sales_missing | monthly_revenue_missing | monthly_sales_missing | monthly_revenue_missing | monthly_sales_missing"
"samyang","Buldak carbonara family","high","2026-05","9105.365999999998","2222.0399999999995","18","18","6.844444444444445","129039.77750000001","24453","-3679","0","-31.1","27236.081305854237","58055.26513073903","36.85","monthly_sales_missing | monthly_revenue_missing | monthly_sales_missing | monthly_revenue_missing | monthly_sales_missing"
"samyang","Buldak core ramen","medium","2024-05","41771.958","2603.6","40","40","4.875749999999999","35606.07777777777","214653",,,,,,"65.85","monthly_sales_missing | monthly_revenue_missing | monthly_sales_missing | monthly_revenue_missing | monthly_sales_missing"
"samyang","Buldak core ramen","medium","2024-06","35195.07592546584","2234.5145962732918","40","40","5.860008333333334","46984.52222049689","214821","168","-15.7",,,,"64.5","monthly_sales_missing | monthly_revenue_missing | monthly_sales_missing | monthly_revenue_missing | monthly_sales_missing"
"samyang","Buldak core ramen","medium","2024-07","28669.67741935484","1937.6774193548385","40","40","5.985314516129033","51430.48225806451","150892","-63929","-18.5",,"105636.71134482068",,"62.52","monthly_sales_missing | monthly_revenue_missing | monthly_sales_missing | monthly_revenue_missing | monthly_sales_missing"
"samyang","Buldak core ramen","medium","2024-08","24864.32322580645","1631.4193548387098","40","40","5.8559838709677425","58098.116129032256","151737","845","-13.3",,"88729.07657062713",,"59.75","monthly_sales_missing | monthly_revenue_missing | monthly_sales_missing | monthly_revenue_missing | monthly_sales_missing"
"samyang","Buldak core ramen","medium","2024-09","26055.34333333333","1634.533333333333","40","40","5.950208333333332","59052.57666666666","153473","1736","4.8",,"79589.34397849461",,"60.5","monthly_sales_missing | monthly_revenue_missing | monthly_sales_missing | monthly_revenue_missing | monthly_sales_missing"
"samyang","Buldak core ramen","medium","2024-10","25688.56911827957","1541.8","40","40","5.865153225806451","61481.01612903226","154520","1047","-1.4",,"76608.23567741935","182244.94702224003","62.25","monthly_sales_missing | monthly_revenue_missing | monthly_sales_missing | monthly_revenue_missing | monthly_sales_missing"
"samyang","Buldak core ramen","medium","2024-11","33238.55133333333","1800.2000000000003","40","40","5.9097750000000016","67007.655","154000","-520","29.4",,"84982.46378494623","173711.54035557338","64.1","monthly_sales_missing | monthly_revenue_missing | monthly_sales_missing | monthly_revenue_missing | monthly_sales_missing"
"samyang","Buldak core ramen","medium","2024-12","29145.21843870968","1594.5329032258064","40","40","5.733822580645162","96475.87217008798","211572","57572","-12.3",,"88072.33889032257","167661.68286881718","55.69","monthly_sales_missing | monthly_revenue_missing | monthly_sales_missing | monthly_revenue_missing | monthly_sales_missing"
"samyang","Buldak core ramen","medium","2025-01","29748.58173387098","1414.8911290322583","40","40","6.056524193548388","111607.72795698926","213729","2157","2.1",,"92132.35150591399","168740.58718333335","62.62","monthly_sales_missing | monthly_revenue_missing | monthly_sales_missing | monthly_revenue_missing | monthly_sales_missing"
"samyang","Buldak core ramen","medium","2025-02","22806.388603896106","1210.9902597402597","40","40","5.961375000000001","134078.3409090909","217088","3359","-23.3",,"81700.18877647676","166682.652561423","59.5","monthly_sales_missing | monthly_revenue_missing | monthly_sales_missing | monthly_revenue_missing | monthly_sales_missing"
"samyang","Buldak core ramen","medium","2025-03","22546.32594758065","1120.4858870967741","40","40","6.523185483870968","156048.2665903951","218768","1680","-1.1",,"75101.29628534774","163173.6351756703","61.34","monthly_sales_missing | monthly_revenue_missing | monthly_sales_missing | monthly_revenue_missing | monthly_sales_missing"
"samyang","Buldak core ramen","medium","2025-04","24159.81333333333","1168.6","40","40","6.569216666666668","179261.83214285717","206370","-12398","7.2",,"69512.52788481009","161644.87939072406","60.44","monthly_sales_missing | monthly_revenue_missing | monthly_sales_missing | monthly_revenue_missing | monthly_sales_missing"
"samyang","Buldak core ramen","medium","2025-05","18583.343870967743","1045.3548387096773","40","40","6.617596774193549","192559.01152073732","208245","1875","-23.1","-55.5","65289.48315188172","146989.6719283585","54.42","monthly_sales_missing | monthly_revenue_missing | monthly_sales_missing | monthly_revenue_missing | monthly_sales_missing"
"samyang","Buldak core ramen","medium","2025-06","18810.313333333335","1142.2333333333331","40","40","7.631400000000002","216836.97701149428","208522","277","1.2","-46.6","61553.470537634406","136654.76682298214","53.67","monthly_sales_missing | monthly_revenue_missing | monthly_sales_missing | monthly_revenue_missing | monthly_sales_missing"
"samyang","Buldak core ramen","medium","2025-07","17032.491612903228","1143.1612903225805","40","40","7.751008064516128","242700.17741935482","212391","3869","-9.5","-40.6","54426.14881720431","123938.6767020144","50.66","monthly_sales_missing | monthly_revenue_missing | monthly_sales_missing | monthly_revenue_missing | monthly_sales_missing"
"samyang","Buldak core ramen","medium","2025-08","17084.22197004609","1117.840179564596","40","40","8.12148387096774","262105.47812085113","194234","-18157","0.3","-31.3","52927.026916282644","118216.51006816438","50.4","monthly_sales_missing | monthly_revenue_missing | monthly_sales_missing | monthly_revenue_missing | monthly_sales_missing"
"samyang","Buldak core ramen","medium","2025-09","15880.818666666668","1020.7333333333333","40","40","9.310275","290094.15698924725","199306","5072","-7","-39","49997.532249615986","111551.0027872504","48.13","monthly_sales_missing | monthly_revenue_missing | monthly_sales_missing | monthly_revenue_missing | monthly_sales_missing"
"samyang","Buldak core ramen","medium","2025-10","13803.13258064516","969.5322580645161","40","40","9.59114516129032","310116.0551470588","213412","14106","-13.1","-46.3","46768.17321735792","101194.32203456224","49.84","monthly_sales_missing | monthly_revenue_missing | monthly_sales_missing | monthly_revenue_missing | monthly_sales_missing"
"samyang","Buldak core ramen","medium","2025-11","11301.212333333331","810.1666666666666","40","40","9.344025","336556.2392156863","213920","508","-18.1","-66","40985.16358064516","93912.19049692781","48.8","monthly_sales_missing | monthly_revenue_missing | monthly_sales_missing | monthly_revenue_missing | monthly_sales_missing"
"samyang","Buldak core ramen","medium","2025-12","13214.025161290325","1031.3870967741937","40","40","9.920637096774197","353410.04079696396","214827","907","16.9","-54.7","38318.37007526882","88315.9023248848","45.13","monthly_sales_missing | monthly_revenue_missing | monthly_sales_missing | monthly_revenue_missing | monthly_sales_missing"
"samyang","Buldak core ramen","medium","2026-01","12074.92516129032","895.6451612903227","40","40","9.863991935483872","377811.39468690695","217693","2866","-8.6","-59.4","36590.16265591398","83358.33587327189","43.02","monthly_sales_missing | monthly_revenue_missing | monthly_sales_missing | monthly_revenue_missing | monthly_sales_missing"
"samyang","Buldak core ramen","medium","2026-02","12612.714642857145","786.5000000000001","40","40","10.581928571428572","404691.7216386554","219230","1537","4.5","-44.7","37901.66496543779","78886.82854608295","47.71","monthly_sales_missing | monthly_revenue_missing | monthly_sales_missing | monthly_revenue_missing | monthly_sales_missing"
"samyang","Buldak core ramen","medium","2026-03","9936.495161290322","713.258064516129","40","40","10.601274193548386","431937.98861480074","218231","-999","-21.2","-55.9","34624.13496543779","72942.5050407066","43.04","monthly_sales_missing | monthly_revenue_missing | monthly_sales_missing | monthly_revenue_missing | monthly_sales_missing"
"samyang","Buldak core ramen","medium","2026-04","10258.457333333334","747.2333333333331","40","40","11.113525","451992.4323529411","29743","-188488","3.2","-57.5","32807.6671374808","69397.82979339478","41.03","monthly_sales_missing | monthly_revenue_missing | monthly_sales_missing | monthly_revenue_missing | monthly_sales_missing"
"samyang","Buldak core ramen","medium","2026-05","10731.545483333333","781.1637878787878","40","40","11.513800000000003","459414.1607070707","28080","-1663","4.6","-42.3","30926.49797795699","68828.16294339478","43.43","monthly_sales_missing | monthly_revenue_missing | monthly_sales_missing | monthly_revenue_missing | monthly_sales_missing"
"samyang","Buldak sauce","high","2024-05","1082.606","100.2","18","18","2.5307407407407405","27768.5","4756",,,,,,"1.71","monthly_sales_missing | monthly_revenue_missing | monthly_sales_missing | monthly_revenue_missing | monthly_sales_missing"
"samyang","Buldak sauce","high","2024-06","1065.1671666666666","103.61666666666667","18","18","4.04775925925926","55687.51073717949","4851","95","-1.6",,,,"1.95","monthly_sales_missing | monthly_revenue_missing | monthly_sales_missing | monthly_revenue_missing | monthly_sales_missing"
"samyang","Buldak sauce","high","2024-07","1162.6245161290321","116.93548387096774","18","18","4.171702508960574","54236.89919354838","11362","6511","9.1",,"3310.397682795699",,"2.54","monthly_sales_missing | monthly_revenue_missing | monthly_sales_missing | monthly_revenue_missing | monthly_sales_missing"
"samyang","Buldak sauce","high","2024-08","1134.9258064516127","111.9032258064516","18","18","4.606792114695342","60688.38709677418","12202","840","-2.4",,"3362.7174892473113",,"2.73","monthly_sales_missing | monthly_revenue_missing | monthly_sales_missing | monthly_revenue_missing | monthly_sales_missing"
"samyang","Buldak sauce","high","2024-09","1207.015333333333","106.53333333333335","18","18","5.056962962962963","55554.73333333334","12270","68","6.4",,"3504.565655913978",,"2.8","monthly_sales_missing | monthly_revenue_missing | monthly_sales_missing | monthly_revenue_missing | monthly_sales_missing"
"samyang","Buldak sauce","high","2024-10","1397.7248387096774","134","18","18","4.6224372759856625","63128.87813620073","10912","-1358","15.8",,"3739.6659784946232","7050.063661290322","3.39","monthly_sales_missing | monthly_revenue_missing | monthly_sales_missing | monthly_revenue_missing | monthly_sales_missing"
"samyang","Buldak sauce","high","2024-11","1527.6300000000003","147.06666666666666","18","18","4.7638703703703715","56414.25185185185","11779","867","9.3",,"4132.370172043011","7495.087661290322","2.95","monthly_sales_missing | monthly_revenue_missing | monthly_sales_missing | monthly_revenue_missing | monthly_sales_missing"
"samyang","Buldak sauce","high","2024-12","1511.8896774193547","150.29032258064512","18","18","4.953100358422939","49230.31899641578","9490","-2289","-1",,"4437.2445161290325","7941.81017204301","2.89","monthly_sales_missing | monthly_revenue_missing | monthly_sales_missing | monthly_revenue_missing | monthly_sales_missing"
"samyang","Buldak sauce","high","2025-01","1353.8870967741934","126.29032258064515","18","18","4.798405017921148","58245.64874551971","11885","2395","-10.5",,"4393.406774193549","8133.072752688171","2.85","monthly_sales_missing | monthly_revenue_missing | monthly_sales_missing | monthly_revenue_missing | monthly_sales_missing"
"samyang","Buldak sauce","high","2025-02","985.4771428571428","91.28571428571426","18","18","4.958809523809525","52774.36507936508","11922","37","-27.2",,"3851.2539170506907","7983.6240890937015","2.57","monthly_sales_missing | monthly_revenue_missing | monthly_sales_missing | monthly_revenue_missing | monthly_sales_missing"
"samyang","Buldak sauce","high","2025-03","1076.935806451613","91.12903225806451","18","18","5.394713261648748","51196.15770609319","10493","-1429","9.3",,"3416.300046082949","7853.544562211981","2.93","monthly_sales_missing | monthly_revenue_missing | monthly_sales_missing | monthly_revenue_missing | monthly_sales_missing"
"samyang","Buldak sauce","high","2025-04","1510.2293115218117","128.34518814518813","18","18","6.639203703703705","54238.96229040112","11947","1454","40.2",,"3572.6422608305675","7966.049035024116","3.78","monthly_sales_missing | monthly_revenue_missing | monthly_sales_missing | monthly_revenue_missing | monthly_sales_missing"
"samyang","Buldak sauce","high","2025-05","2086.6477112135176","171.83717357910905","18","18","7.4944623655913984","51592.60440348183","12134","187","38.2","92.7","4673.812829186942","8525.066746237633","6.11","monthly_sales_missing | monthly_revenue_missing | monthly_sales_missing | monthly_revenue_missing | monthly_sales_missing"
"samyang","Buldak sauce","high","2025-06","2666.9710000000005","216.3333333333333","18","18","9.728870370370373","50086.833333333336","21170","9036","27.8","150.4","6263.84802273533","9680.148068818278","7.61","monthly_sales_missing | monthly_revenue_missing | monthly_sales_missing | monthly_revenue_missing | monthly_sales_missing"
"samyang","Buldak sauce","high","2025-07","3533.371935483871","298.79838709677415","18","18","10.261594982078854","48638.95825426945","21344","174","32.5","203.9","8286.990646697388","11859.632907527955","10.51","monthly_sales_missing | monthly_revenue_missing | monthly_sales_missing | monthly_revenue_missing | monthly_sales_missing"
"samyang","Buldak sauce","high","2025-08","3776.9761290322576","331","18","18","9.88313620071685","46880.04554079697","20176","-1168","6.9","232.8","9977.31906451613","14651.13189370307","11.14","monthly_sales_missing | monthly_revenue_missing | monthly_sales_missing | monthly_revenue_missing | monthly_sales_missing"
"samyang","Buldak sauce","high","2025-09","4201.641333333333","363.5333333333333","18","18","11.558481481481483","52945.17254901961","20268","92","11.2","248.1","11511.989397849462","17775.83742058479","12.73","monthly_sales_missing | monthly_revenue_missing | monthly_sales_missing | monthly_revenue_missing | monthly_sales_missing"
"samyang","Buldak sauce","high","2025-10","3462.607741935484","302.22580645161287","18","18","12.691129032258067","59312.26185958254","20305","37","-17.6","147.7","11441.225204301074","19728.215850998462","12.5","monthly_sales_missing | monthly_revenue_missing | monthly_sales_missing | monthly_revenue_missing | monthly_sales_missing"
"samyang","Buldak sauce","high","2025-11","2560.202666666667","228.83333333333334","18","18","12.67453703703704","64946.435294117655","20496","191","-26.1","67.6","10224.451741935485","20201.770806451615","11.06","monthly_sales_missing | monthly_revenue_missing | monthly_sales_missing | monthly_revenue_missing | monthly_sales_missing"
"samyang","Buldak sauce","high","2025-12","4526.928387096775","381.3548387096774","18","18","13.135896057347672","61884.4459203036","20692","196","76.8","199.4","10549.738795698926","22061.728193548388","15.46","monthly_sales_missing | monthly_revenue_missing | monthly_sales_missing | monthly_revenue_missing | monthly_sales_missing"
"samyang","Buldak sauce","high","2026-01","4658.053225806451","378.741935483871","18","18","13.45872759856631","55532.39658444023","21008","316","2.9","244.1","11745.184279569894","23186.409483870968","16.6","monthly_sales_missing | monthly_revenue_missing | monthly_sales_missing | monthly_revenue_missing | monthly_sales_missing"
"samyang","Buldak sauce","high","2026-02","2938.240714285714","240.14285714285717","18","18","12.964345238095238","52841.18697478991","21219","211","-36.9","198.2","12123.22232718894","22347.674069124427","11.12","monthly_sales_missing | monthly_revenue_missing | monthly_sales_missing | monthly_revenue_missing | monthly_sales_missing"
"samyang","Buldak sauce","high","2026-03","3228.0377419354836","251.16129032258067","18","18","13.623351254480285","58593.77419354838","21450","231","9.9","199.7","10824.331682027649","21374.07047772658","13.98",""
"samyang","Buldak sauce","high","2026-04","3242.327333333333","285","18","18","12.532185185185185","63608.50370370369","13750","-7700","0.4","114.7","9408.605789554531","21153.790069124425","12.97",""
"samyang","Buldak sauce","high","2026-05","3524.0812000000005","316.8","18","18","11.58591111111111","55429.37111111112","13592","-158","8.7","68.9","9994.446275268818","22117.668602457758","14.26",""
"samyang","Buldak snack/frozen/other","high","2024-05",,,"5","5","2.933333333333333",,,,,,,,"0","monthly_sales_missing | monthly_revenue_missing | monthly_sales_missing | monthly_revenue_missing | monthly_sales_missing"
"samyang","Buldak snack/frozen/other","high","2024-06","15.998","2.1","5","5","1.3332666666666666","138861.47",,,,,,,"0.03","monthly_sales_missing | monthly_revenue_missing | monthly_sales_missing | monthly_revenue_missing | monthly_sales_missing"
"samyang","Buldak snack/frozen/other","high","2024-07","61.503064516129044","7.64516129032258","5","5","2.1560645161290326","105928.16666666667","304",,"284.4",,"77.50106451612905",,"0.13","monthly_sales_missing | monthly_revenue_missing | monthly_sales_missing | monthly_revenue_missing | monthly_sales_missing"
"samyang","Buldak snack/frozen/other","high","2024-08","187.18870967741935","24.032258064516128","5","5","2.7767096774193556","110555.13978494622","1201","897","204.4",,"264.6897741935484",,"0.45","monthly_sales_missing | monthly_revenue_missing | monthly_sales_missing | monthly_revenue_missing | monthly_sales_missing"
"samyang","Buldak snack/frozen/other","high","2024-09","158.2363333333333","20.5","5","5","2.4986666666666673","120118.17777777778","21","-1180","-15.5",,"406.9281075268817",,"0.37","monthly_sales_missing | monthly_revenue_missing | monthly_sales_missing | monthly_revenue_missing | monthly_sales_missing"
"samyang","Buldak snack/frozen/other","high","2024-10","12.895806451612906","2.548387096774194","5","5","1.9854838709677423","139472.8064516129","1222","1201","-91.9",,"358.3208494623656","435.82191397849454","0.03","monthly_sales_missing | monthly_revenue_missing | monthly_sales_missing | monthly_revenue_missing | monthly_sales_missing"
"samyang","Buldak snack/frozen/other","high","2024-11","45.04433333333335","4.233333333333333","5","5","4.350733333333334","120157.16666666667","333","-889","249.3",,"216.17647311827957","480.86624731182786","0.09","monthly_sales_missing | monthly_revenue_missing | monthly_sales_missing | monthly_revenue_missing | monthly_sales_missing"
"samyang","Buldak snack/frozen/other","high","2024-12","439.9193548387097","51.58064516129032","5","5","5.302709677419355","80184.41935483871","1235","902","876.6",,"497.85949462365596","904.7876021505376","0.84","monthly_sales_missing | monthly_revenue_missing | monthly_sales_missing | monthly_revenue_missing | monthly_sales_missing"
"samyang","Buldak snack/frozen/other","high","2025-01","327.93806451612903","35.87096774193548","5","5","5.668322580645162","65913.31182795699","1549","314","-25.5",,"812.9017526881721","1171.2226021505376","0.69","monthly_sales_missing | monthly_revenue_missing | monthly_sales_missing | monthly_revenue_missing | monthly_sales_missing"
"samyang","Buldak snack/frozen/other","high","2025-02","410.7313392857143","51.33928571428571","5","5","3.881714285714286","81471.203125","1578","29","25.2",,"1178.588758640553","1394.7652317588327","1.07","monthly_sales_missing | monthly_revenue_missing | monthly_sales_missing | monthly_revenue_missing | monthly_sales_missing"
"samyang","Buldak snack/frozen/other","high","2025-03","111.32935483870969","16.129032258064516","5","5","3.5098064516129037","105090.04032258065","1601","23","-72.9",,"849.9987586405531","1347.858253264209","0.3","monthly_sales_missing | monthly_revenue_missing | monthly_sales_missing | monthly_revenue_missing | monthly_sales_missing"
"samyang","Buldak snack/frozen/other","high","2025-04","170.25900000000001","18.6","5","5","3.4072000000000005","127475.39166666666","1625","24","52.9",,"692.319694124424","1505.221446812596","0.43","monthly_sales_missing | monthly_revenue_missing | monthly_sales_missing | monthly_revenue_missing | monthly_sales_missing"
"samyang","Buldak snack/frozen/other","high","2025-05","263.7687096774194","29.548387096774196","5","5","5.109225806451614","97291.76612903226","1341","-284","54.9",,"545.3570645161292","1723.9458231566819","0.77","monthly_sales_missing | monthly_revenue_missing | monthly_sales_missing | monthly_revenue_missing | monthly_sales_missing"
"samyang","Buldak snack/frozen/other","high","2025-06","341.80966666666666","34.36666666666667","5","5","7.872066666666667","82210.64166666666","1658","317","29.6","2036.6","775.8373763440861","1625.836134984639","0.98","monthly_sales_missing | monthly_revenue_missing | monthly_sales_missing | monthly_revenue_missing | monthly_sales_missing"
"samyang","Buldak snack/frozen/other","high","2025-07","571.9641935483871","58.645161290322584","5","5","8.060451612903226","75072.41129032258","490","-1168","67.3","830","1177.5425698924732","1869.8622640168971","1.7","monthly_sales_missing | monthly_revenue_missing | monthly_sales_missing | monthly_revenue_missing | monthly_sales_missing"
"samyang","Buldak snack/frozen/other","high","2025-08","380.3309677419354","34.41935483870968","5","5","8.426064516129031","82404.60483870967","1417","927","-33.5","103.2","1294.104827956989","1839.4618924731183","1.12","monthly_sales_missing | monthly_revenue_missing | monthly_sales_missing | monthly_revenue_missing | monthly_sales_missing"
"samyang","Buldak snack/frozen/other","high","2025-09","198.29733333333337","15.066666666666666","5","5","9.313133333333331","81561.03333333333","1733","316","-47.9","25.3","1150.592494623656","1926.429870967742","0.6","monthly_sales_missing | monthly_revenue_missing | monthly_sales_missing | monthly_revenue_missing | monthly_sales_missing"
"samyang","Buldak snack/frozen/other","high","2025-10","137.70935483870971","11.064516129032258","5","5","8.754709677419353","101888.90322580645","1746","13","-30.6","967.9","716.3376559139786","1893.8802258064518","0.5","monthly_sales_missing | monthly_revenue_missing | monthly_sales_missing | monthly_revenue_missing | monthly_sales_missing"
"samyang","Buldak snack/frozen/other","high","2025-11","144.7076666666667","10.733333333333333","5","5","9.3842","103662.83333333334","1759","13","5.1","221.3","480.7143548387098","1774.819182795699","0.62","monthly_sales_missing | monthly_revenue_missing | monthly_sales_missing | monthly_revenue_missing | monthly_sales_missing"
"samyang","Buldak snack/frozen/other","high","2025-12","248.33387096774192","15.935483870967742","5","5","10.639483870967744","105015.00806451614","1768","9","71.6","-43.6","530.7508924731183","1681.3433870967742","0.85","monthly_sales_missing | monthly_revenue_missing | monthly_sales_missing | monthly_revenue_missing | monthly_sales_missing"
"samyang","Buldak snack/frozen/other","high","2026-01","351.3845161290322","23.129032258064512","5","5","11.345870967741938","94851.88709677418","1776","8","41.5","7.1","744.4260537634409","1460.7637096774192","1.25","monthly_sales_missing | monthly_revenue_missing | monthly_sales_missing | monthly_revenue_missing | monthly_sales_missing"
"samyang","Buldak snack/frozen/other","high","2026-02","127.05214285714288","9.285714285714285","5","5","9.538571428571426","102173.61607142858","1805","29","-63.8","-69.1","726.770529953917","1207.4848847926266","0.48","monthly_sales_missing | monthly_revenue_missing | monthly_sales_missing | monthly_revenue_missing | monthly_sales_missing"
"samyang","Buldak snack/frozen/other","high","2026-03","159.40387096774194","10.580645161290322","5","5","9.550967741935484","135451.17849462366","1819","14","25.5","43.2","637.840529953917","1168.5914224270352","0.69","monthly_sales_missing | monthly_revenue_missing | monthly_sales_missing | monthly_revenue_missing | monthly_sales_missing"
"samyang","Buldak snack/frozen/other","high","2026-04","164.01100000000002","10.266666666666666","5","5","10.269066666666667","137050.21333333335","1833","14","2.9","-3.7","450.4670138248849","1194.8930675883257","0.66",""
"samyang","Buldak snack/frozen/other","high","2026-05","149.7828","10.44","5","5","8.11448","109175.552","1841","8","-8.7","-43.2","473.197670967742","1199.968200921659","0.61",""
"samyang","Other Samyang","medium","2024-05",,,"1","1","0",,,,,,,,"0","monthly_sales_missing | monthly_revenue_missing | monthly_sales_missing | monthly_revenue_missing | monthly_sales_missing"
"samyang","Other Samyang","medium","2024-06",,,"1","1","0",,,,,,,,"0","monthly_sales_missing | monthly_revenue_missing | monthly_sales_missing | monthly_revenue_missing | monthly_sales_missing"
"samyang","Other Samyang","medium","2024-07",,,"1","1","0",,,,,,"0",,"0","monthly_sales_missing | monthly_revenue_missing | monthly_sales_missing | monthly_revenue_missing | monthly_sales_missing"
"samyang","Other Samyang","medium","2024-08",,,"1","1","0",,,,,,"0",,"0","monthly_sales_missing | monthly_revenue_missing | monthly_sales_missing | monthly_revenue_missing | monthly_sales_missing"
"samyang","Other Samyang","medium","2024-09",,,"1","1","0",,,,,,"0",,"0","monthly_sales_missing | monthly_revenue_missing | monthly_sales_missing | monthly_revenue_missing | monthly_sales_missing"
"samyang","Other Samyang","medium","2024-10",,,"1","1","0",,,,,,"0","0","0","monthly_sales_missing | monthly_revenue_missing | monthly_sales_missing | monthly_revenue_missing | monthly_sales_missing"
"samyang","Other Samyang","medium","2024-11",,,"1","1","0",,,,,,"0","0","0","monthly_sales_missing | monthly_revenue_missing | monthly_sales_missing | monthly_revenue_missing | monthly_sales_missing"
"samyang","Other Samyang","medium","2024-12",,,"1","1","0",,,,,,"0","0","0","monthly_sales_missing | monthly_revenue_missing | monthly_sales_missing | monthly_revenue_missing | monthly_sales_missing"
"samyang","Other Samyang","medium","2025-01",,,"1","1","0",,,,,,"0","0","0","monthly_sales_missing | monthly_revenue_missing | monthly_sales_missing | monthly_revenue_missing | monthly_sales_missing"
"samyang","Other Samyang","medium","2025-02",,,"1","1","0",,,,,,"0","0","0","monthly_sales_missing | monthly_revenue_missing | monthly_sales_missing | monthly_revenue_missing | monthly_sales_missing"
"samyang","Other Samyang","medium","2025-03",,,"1","1","0",,,,,,"0","0","0","monthly_sales_missing | monthly_revenue_missing | monthly_sales_missing | monthly_revenue_missing | monthly_sales_missing"
"samyang","Other Samyang","medium","2025-04",,,"1","1","0",,,,,,"0","0","0","monthly_sales_missing | monthly_revenue_missing | monthly_sales_missing | monthly_revenue_missing | monthly_sales_missing"
"samyang","Other Samyang","medium","2025-05",,,"1","1","0.8706451612903225","236812.5",,,,,"0","0","0","monthly_sales_missing | monthly_revenue_missing | monthly_sales_missing | monthly_revenue_missing | monthly_sales_missing"
"samyang","Other Samyang","medium","2025-06","80.79833333333333","3.7666666666666666","1","1","13.727333333333338","80517.03333333334",,,,,"80.79833333333333","80.79833333333333","0.23",""
"samyang","Other Samyang","medium","2025-07","41.50354838709678","1.2580645161290323","1","1","27.66903225806452","101381.03225806452","2",,"-48.6",,"122.30188172043012","122.30188172043012","0.12",""
"samyang","Other Samyang","medium","2025-08","20.476774193548387","1.096774193548387","1","1","9.803225806451614","121084.12903225806","4","2","-50.7",,"142.7786559139785","142.7786559139785","0.06",""
"samyang","Other Samyang","medium","2025-09","115.85966666666664","4.033333333333333","1","1","28.790000000000006","50928.96666666667","4","0","465.8",,"177.8399892473118","258.63832258064514","0.35",""
"samyang","Other Samyang","medium","2025-10","126.24354838709678","5.258064516129032","1","1","24.378064516129037","44848.93548387097","4","0","9",,"262.5799892473118","384.8818709677419","0.46",""
"samyang","Other Samyang","medium","2025-11","266.1166666666666","12.2","1","1","23.29033333333334","29367.366666666665","6","2","110.8",,"508.21988172043007","650.9985376344085","1.15",""
"samyang","Other Samyang","medium","2025-12","703.2529032258066","23.096774193548388","1","1","30.47387096774194","25684.322580645163","12","6","164.3",,"1095.61311827957","1273.453107526882","2.4",""
"samyang","Other Samyang","medium","2026-01","1013.6864516129029","50.70967741935484","1","1","19.990000000000006","10464.41935483871","155","143","44.1",,"1983.056021505376","2245.636010752688","3.61",""
"samyang","Other Samyang","medium","2026-02","492.5767857142857","27.571428571428573","1","1","17.672500000000003","16711.214285714286","160","5","-51.4",,"2209.5161405529952","2717.736022273425","1.86",""
"samyang","Other Samyang","medium","2026-03","739.0200000000001","40.61290322580645","1","1","15.649677419354834","12176.258064516129","181","21","50",,"2245.2832373271885","3340.8963556067583","3.2",""
"samyang","Other Samyang","medium","2026-04","2226.452","84.8","1","1","26.290000000000006","7073.233333333334","63","-118","201.3",,"3458.048785714286","5441.104807219662","8.91",""
"samyang","Other Samyang","medium","2026-05","1197.454","60.52","1","1","19.710400000000007","8921.28","68","5","-46.2",,"4162.926","6372.442140552996","4.85",""
"tnl","Adjacent patch","high","2024-05","1050.9033333333334","171","1","1","5.28","4072.3333333333335","835",,,,,,"0.48","monthly_sales_missing | monthly_revenue_missing"
"tnl","Adjacent patch","high","2024-06","1245.2696666666664","162.03333333333333","1","1","7.725666666666669","4444.133333333333","841","6","18.5",,,,"0.58",""
"tnl","Adjacent patch","high","2024-07","2354.457419354839","234.67741935483872","1","1","8.497419354838708","4057.451612903226","879","38","89.1",,"4650.6304193548385",,"0.9",""
"tnl","Adjacent patch","high","2024-08","2885.7470967741947","222.32258064516128","1","1","12.980000000000004","3067.2580645161293","937","58","22.6",,"6485.4741827957005",,"1.12",""
"tnl","Adjacent patch","high","2024-09","2933.4800000000005","226","1","1","12.980000000000002","3084.766666666667","988","51","1.7",,"8173.684516129034",,"1.17",""
"tnl","Adjacent patch","high","2024-10","3175.4941935483866","257.9032258064516","1","1","12.561290322580648","3188.6451612903224","1033","45","8.3",,"8994.72129032258","13645.35170967742","0.82",""
"tnl","Adjacent patch","high","2024-11","2649.6506666666664","204.13333333333333","1","1","12.980000000000002","4536.166666666667","1080","47","-16.6",,"8758.624860215054","15244.099043010754","0.62",""
"tnl","Adjacent patch","high","2024-12","2928.455483870968","225.61290322580646","1","1","12.980000000000004","4575.677419354839","1105","25","10.5",,"8753.60034408602","16927.284860215055","0.59",""
"tnl","Adjacent patch","high","2025-01","3431.744516129034","264.38709677419354","1","1","12.980000000000004","2908.4193548387098","1137","32","17.2",,"9009.850666666669","18004.57195698925","0.73",""
"tnl","Adjacent patch","high","2025-02","3928.304285714286","313.42857142857144","1","1","12.516428571428573","2539.75","1211","74","14.5",,"10288.504285714287","19047.129145929342","0.9",""
"tnl","Adjacent patch","high","2025-03","3599.2283870967744","277.2903225806452","1","1","12.980000000000004","2921.516129032258","1262","51","-8.4",,"10959.277188940094","19712.877533026116","0.88",""
"tnl","Adjacent patch","high","2025-04","3294.7566666666676","253.83333333333334","1","1","12.980000000000002","3283.4","1320","58","-8.5",,"10822.289339477727","19832.140006144396","0.51",""
"tnl","Adjacent patch","high","2025-05","3163.770322580645","243.74193548387098","1","1","12.980000000000004","3475.6451612903224","1384","64","-4","201.1","10057.755376344086","20346.25966205837","0.45",""
"tnl","Adjacent patch","high","2025-06","2631.1723333333334","202.73333333333332","1","1","12.978000000000003","4674.7","1428","44","-16.8","111.3","9089.699322580645","20048.976511520737","0.33",""
"tnl","Adjacent patch","high","2025-07","3135.3929032258056","241.74193548387098","1","1","12.970000000000011","4115","1454","26","19.2","33.2","8930.335559139785","19752.624898617512","0.36",""
"tnl","Adjacent patch","high","2025-08","3668.4180645161296","282.83870967741933","1","1","12.970000000000011","2843.1935483870966","1501","47","17","27.1","9434.98330107527","19492.738677419355","0.5",""
"tnl","Adjacent patch","high","2025-09","3359.2300000000014","259","1","1","12.97000000000001","3243.9333333333334","1538","37","-8.4","14.5","10163.040967741937","19252.74029032258","0.42",""
"tnl","Adjacent patch","high","2025-10","2985.7348387096777","243.41935483870967","1","1","12.30096774193549","3990.6129032258063","1585","47","-11.1","-6","10013.382903225809","18943.718462365592","0.46",""
"tnl","Adjacent patch","high","2025-11","2569.972","230.53333333333333","1","1","11.155666666666672","3993.0666666666666","1620","35","-13.9","-3","8914.936838709678","18349.92013978495","0.38",""
"tnl","Adjacent patch","high","2025-12","2249.761290322581","213.4516129032258","1","1","10.528064516129026","4911.8387096774195","1628","8","-12.5","-23.2","7805.468129032259","17968.509096774196","0.37",""
"tnl","Adjacent patch","high","2026-01","2281.2270967741933","251.8709677419355","1","1","9.131935483870961","3814.2580645161293","1702","74","1.4","-33.5","7100.960387096775","17114.343290322584","0.53",""
"tnl","Adjacent patch","high","2026-02","2990.108571428572","291.67857142857144","1","1","10.186428571428575","4014.8214285714284","1733","31","31.1","-23.9","7521.096958525346","16436.033797235024","0.69",""
"tnl","Adjacent patch","high","2026-03","3461.667741935484","318.06451612903226","1","1","10.899032258064521","3936.0967741935483","1758","25","15.8","-3.8","8733.00341013825","16538.47153917051","0.68",""
"tnl","Adjacent patch","high","2026-04","3538.922000000001","322.6","1","1","10.970000000000006","4410.066666666667","1798","40","2.2","7.4","9990.698313364057","17091.65870046083","0.47",""
"tnl","Adjacent patch","high","2026-05","3922.6891666666666","357.5833333333333","1","1","10.97","4100.541666666667","1847","49","10.8","24","10923.278908602151","18444.375867127495","0.51",""
"tnl","Low-confidence Hero product","low","2024-05","952.3316666666668","66.83333333333333","1","1","12.205714285714285","10795.833333333334","132",,,,,,"0.43","monthly_sales_missing | monthly_revenue_missing"
"tnl","Low-confidence Hero product","low","2024-06","1000.8323333333333","69.53333333333333","1","1","14.490333333333338","10540.066666666668","137","5","5.1",,,,"0.46",""
"tnl","Low-confidence Hero product","low","2024-07","1093.2793548387097","91.35483870967742","1","1","10.928064516129036","10917.032258064517","164","27","9.2",,"3046.4433548387096",,"0.42",""
"tnl","Low-confidence Hero product","low","2024-08","868.9364516129032","57.96774193548387","1","1","14.990000000000006","12874.709677419354","187","23","-20.5",,"2963.0481397849458",,"0.34",""
"tnl","Low-confidence Hero product","low","2024-09","839.9396666666667","56.03333333333333","1","1","14.990000000000006","13432.133333333333","206","19","-3.3",,"2802.1554731182796",,"0.33",""
"tnl","Low-confidence Hero product","low","2024-10","1475.789677419355","103.25806451612904","1","1","14.50645161290323","8477.58064516129","225","19","75.7",,"3184.6657956989247","6231.109150537634","0.38",""
"tnl","Low-confidence Hero product","low","2024-11","2620.6339999999996","175.8","1","1","14.924000000000003","5555.933333333333","241","16","77.6",,"4936.363344086021","7899.411483870967","0.61",""
"tnl","Low-confidence Hero product","low","2024-12","3751.6799999999994","252.1290322580645","1","1","14.879999999999997","4122.064516129032","257","16","43.2",,"7848.1036774193535","10650.259150537633","0.76",""
"tnl","Low-confidence Hero product","low","2025-01","3029.2799999999997","203.58064516129033","1","1","14.879999999999997","3859.6129032258063","309","52","-19.3",,"9401.593999999997","12586.259795698923","0.65",""
"tnl","Low-confidence Hero product","low","2025-02","3227.3657142857155","224.78571428571428","1","1","14.348571428571427","3729.3571428571427","364","55","6.5",,"10008.325714285715","14944.689058371736","0.74",""
"tnl","Low-confidence Hero product","low","2025-03","3036.960000000001","204.09677419354838","1","1","14.879999999999997","4124.967741935484","393","29","-5.9",,"9293.605714285717","17141.70939170507","0.74",""
"tnl","Low-confidence Hero product","low","2025-04","2680.384","180.13333333333333","1","1","14.879999999999997","4795.166666666667","420","27","-11.7",,"8944.709714285716","18346.303714285714","0.42",""
"tnl","Low-confidence Hero product","low","2025-05","2916.4800000000005","196","1","1","14.879999999999997","4418.741935483871","461","41","8.8","206.2","8633.824","18642.149714285715","0.41",""
"tnl","Low-confidence Hero product","low","2025-06","2792.4800000000005","187.66666666666666","1","1","14.879999999999997","4804.1","512","51","-4.3","179","8389.344000000001","17682.949714285718","0.35",""
"tnl","Low-confidence Hero product","low","2025-07","3618.2400000000002","243.16129032258064","1","1","14.879999999999997","4202.645161290323","576","64","29.6","231","9327.2","18271.909714285717","0.41",""
"tnl","Low-confidence Hero product","low","2025-08","2882.3999999999996","214.58064516129033","1","1","13.439999999999998","3871.5806451612902","622","46","-20.3","231.7","9293.12","17926.944","0.39",""
"tnl","Low-confidence Hero product","low","2025-09","3096.5280000000002","214.26666666666668","1","1","14.383999999999997","3986.0666666666666","661","39","7.4","268.7","9597.168","17986.512000000002","0.38",""
"tnl","Low-confidence Hero product","low","2025-10","3291.5948387096773","236.09677419354838","1","1","14.111612903225803","4208.903225806452","681","20","6.3","123","9270.522838709678","18597.722838709677","0.5",""
"tnl","Low-confidence Hero product","low","2025-11","3784.984666666666","291.96666666666664","1","1","13.266666666666664","3331.733333333333","749","68","15","44.4","10173.107505376343","19466.227505376344","0.56",""
"tnl","Low-confidence Hero product","low","2025-12","3528.7200000000003","240.38709677419354","1","1","14.759999999999998","4598.645161290323","785","36","-6.8","-5.9","10605.299505376344","20202.467505376346","0.58",""
"tnl","Low-confidence Hero product","low","2026-01","3938.3999999999996","264.6774193548387","1","1","14.879999999999997","3593.3548387096776","832","47","11.6","30","11252.104666666666","20522.627505376346","0.92",""
"tnl","Low-confidence Hero product","low","2026-02","4338.5828571428565","314.2142857142857","1","1","13.817142857142855","3704.3571428571427","875","43","10.2","34.4","11805.702857142856","21978.8103625192","1",""
"tnl","Low-confidence Hero product","low","2026-03","5137.55870967742","363.35483870967744","1","1","14.30322580645161","3419.064516129032","908","33","18.4","69.2","13414.541566820275","24019.84107219662","1.02",""
"tnl","Low-confidence Hero product","low","2026-04","5230.987333333334","378.26666666666665","1","1","13.887333333333329","3781.266666666667","957","49","1.8","95.2","14707.12890015361","25959.233566820276","0.7",""
"tnl","Low-confidence Hero product","low","2026-05","6855.961666666666","510.3333333333333","1","1","13.638333333333328","2864","1001","44","31.1","135.1","17224.50770967742","29030.21056682028","0.9",""
"tnl","Mighty Patch core","high","2024-05","160596.06833333333","11265.333333333332","8","8","7.103928571428571","318.16666666666663","200751",,,,,,"72.96","monthly_sales_missing | monthly_revenue_missing | monthly_sales_missing | monthly_revenue_missing | monthly_sales_missing"
"tnl","Mighty Patch core","high","2024-06","157453.34649999999","11552.349999999999","8","8","8.293208333333336","987.68","201075","324","-2",,,,"73.06","monthly_sales_missing | monthly_revenue_missing | monthly_sales_missing | monthly_revenue_missing | monthly_sales_missing"
"tnl","Mighty Patch core","high","2024-07","190918.24387096774","15209.83870967742","8","8","8.72399193548387","808.0387096774193","202842","1767","21.3",,"508967.6587043011",,"73.08","monthly_sales_missing | monthly_revenue_missing | monthly_sales_missing | monthly_revenue_missing | monthly_sales_missing"
"tnl","Mighty Patch core","high","2024-08","188436.36129032262","13741.451612903225","8","8","9.818064516129033","584.5225806451614","204632","1790","-1.3",,"536807.9516612904",,"73.25","monthly_sales_missing | monthly_revenue_missing | monthly_sales_missing | monthly_revenue_missing | monthly_sales_missing"
"tnl","Mighty Patch core","high","2024-09","183053.9006666667","14104.466666666667","8","8","9.320666666666666","424.3","206425","1793","-2.9",,"562408.5058279571",,"72.97","monthly_sales_missing | monthly_revenue_missing | monthly_sales_missing | monthly_revenue_missing | monthly_sales_missing"
"tnl","Mighty Patch core","high","2024-10","310947.6896774195","20267.8064516129","8","8","9.876129032258065","397.7354838709678","207531","1106","69.9",,"682437.9516344088","1191405.6103387098","80.57","monthly_sales_missing | monthly_revenue_missing | monthly_sales_missing | monthly_revenue_missing | monthly_sales_missing"
"tnl","Mighty Patch core","high","2024-11","337651.3306666667","20878.033333333333","8","8","9.848291666666666","557.4933333333333","365397","157866","8.6",,"831652.9210107529","1368460.8726720433","78.75","monthly_sales_missing | monthly_revenue_missing | monthly_sales_missing | monthly_revenue_missing | monthly_sales_missing"
"tnl","Mighty Patch core","high","2024-12","402576.2409677421","23494.225806451614","8","8","9.514758064516132","1123.5548387096774","370901","5504","19.2",,"1051175.2613118284","1613583.7671397855","81.64","monthly_sales_missing | monthly_revenue_missing | monthly_sales_missing | monthly_revenue_missing | monthly_sales_missing"
"tnl","Mighty Patch core","high","2025-01","391648.6716129033","22497.516129032258","8","8","10.438225806451614","513.883870967742","373346","2445","-2.7",,"1131876.243247312","1814314.194881721","83.74","monthly_sales_missing | monthly_revenue_missing | monthly_sales_missing | monthly_revenue_missing | monthly_sales_missing"
"tnl","Mighty Patch core","high","2025-02","362819.0046428572","21638.166666666664","8","8","10.209687500000001","31373.793650793654","375228","1882","-7.4",,"1157043.9172235026","1988696.8382342556","82.88","monthly_sales_missing | monthly_revenue_missing | monthly_sales_missing | monthly_revenue_missing | monthly_sales_missing"
"tnl","Mighty Patch core","high","2025-03","341695.54792426375","20291.553997194955","8","8","15.48383064516129","4549.367060709277","376677","1449","-5.8",,"1096163.2241800241","2147338.4854918527","83.31","monthly_sales_missing | monthly_revenue_missing | monthly_sales_missing | monthly_revenue_missing | monthly_sales_missing"
"tnl","Mighty Patch core","high","2025-04","575609.6011481483","32223.859259259254","8","8","18.63441666666667","1069.0027777777777","554771","178094","68.5",,"1280124.1537152692","2412000.396962581","89.22","monthly_sales_missing | monthly_revenue_missing | monthly_sales_missing | monthly_revenue_missing | monthly_sales_missing"
"tnl","Mighty Patch core","high","2025-05","637242.6858064516","32669.064516129027","8","8","19.567500000000003","861.891129032258","568991","14220","10.7","296.8","1554547.8348788638","2711591.752102366","90.18",""
"tnl","Mighty Patch core","high","2025-06","738159.8476666666","37788.6","8","8","19.441125","871.2541666666666","572467","3476","15.8","368.8","1951012.1346212665","3047175.3588012904","91.74",""
"tnl","Mighty Patch core","high","2025-07","801388.7525806453","41468.967741935485","8","8","19.228991935483876","872.1532258064517","575545","3078","8.6","319.8","2176791.2860537637","3456915.4397690324","91.17",""
"tnl","Mighty Patch core","high","2025-08","667601.5406451613","36035.83870967742","8","8","18.736250000000005","591.1491935483871","579374","3829","-16.7","254.3","2207150.140892473","3761697.9757713373","90.33",""
"tnl","Mighty Patch core","high","2025-09","730505.6156666664","37443.100000000006","8","8","19.229625000000006","499.8041666666667","582707","3333","9.4","299.1","2199495.908892473","4150508.0435137395","90.77",""
"tnl","Mighty Patch core","high","2025-10","583018.5674193548","32931.903225806454","8","8","18.077701612903233","579.6975806451612","584143","1436","-20.2","87.5","1981125.7237311825","4157917.009784946","89.01",""
"tnl","Mighty Patch core","high","2025-11","610897.2350000001","34835.46666666667","8","8","17.11370833333334","575.9375","588199","4056","4.8","80.9","1924421.4180860214","4131571.5589784943","90.52",""
"tnl","Mighty Patch core","high","2025-12","554240.664516129","33112.12903225806","8","8","16.881653225806456","638.5362903225806","589389","1190","-9.3","37.7","1748156.4669354837","3947652.3758279574","90.89",""
"tnl","Mighty Patch core","high","2026-01","371227.17709677416","28346.83870967742","8","8","15.331088709677422","641.8145161290322","594702","5313","-33","-5.2","1536365.076612903","3517490.8003440863","86.47",""
"tnl","Mighty Patch core","high","2026-02","359954.51821428566","27097.14285714285","8","8","15.508080357142866","781.7366071428572","598176","3474","-3","-0.8","1285422.3598271888","3209843.7779132104","83.28",""
"tnl","Mighty Patch core","high","2026-03","427569.2787096774","31464.806451612898","8","8","15.64979838709678","750.5483870967741","600945","2769","18.8","25.1","1158750.9740207372","2906907.4409562214","84.58",""
"tnl","Mighty Patch core","high","2026-04","682053.4726666666","35567.700000000004","8","8","18.833833333333338","885.4041666666667","603700","2755","59.5","18.5","1469577.2695906297","3005942.346203533","90.9",""
"tnl","Mighty Patch core","high","2026-05","694442.8529166665","35620.875","8","8","18.675625000000004","1001.5052083333334","606311","2611","1.8","9","1804065.6042930104","3089487.964120199","90.86",""
"tnl","Mighty Patch face/body extensions","high","2024-05","57527.29166666667","3354.1666666666665","8","8","12.828928571428571","3128.714285714286","22985",,,,,,"26.13","monthly_sales_missing | monthly_revenue_missing | monthly_sales_missing | monthly_revenue_missing | monthly_sales_missing"
"tnl","Mighty Patch face/body extensions","high","2024-06","55800.75766666667","3409.6666666666665","8","8","14.42366666666667","3012.2714285714287","23985","1000","-3",,,,"25.89","monthly_sales_missing | monthly_revenue_missing | monthly_sales_missing | monthly_revenue_missing | monthly_sales_missing"
"tnl","Mighty Patch face/body extensions","high","2024-07","66863.09838709678","4593.870967741935","8","8","11.496491935483874","3028.0645161290327","24655","670","19.8",,"180191.1477204301",,"25.6","monthly_sales_missing | monthly_revenue_missing | monthly_sales_missing | monthly_revenue_missing | monthly_sales_missing"
"tnl","Mighty Patch face/body extensions","high","2024-08","65045.5935483871","3793.451612903226","8","8","13.63145161290323","2624.806451612904","25427","772","-2.7",,"187709.44960215053",,"25.29","monthly_sales_missing | monthly_revenue_missing | monthly_sales_missing | monthly_revenue_missing | monthly_sales_missing"
"tnl","Mighty Patch face/body extensions","high","2024-09","64036.637333333325","3751.5333333333333","8","8","15.09383333333334","2600.919047619048","26104","677","-1.6",,"195945.3292688172",,"25.53","monthly_sales_missing | monthly_revenue_missing | monthly_sales_missing | monthly_revenue_missing | monthly_sales_missing"
"tnl","Mighty Patch face/body extensions","high","2024-10","70331.56000000001","4302.612903225807","8","8","14.45471774193549","2519.603686635945","26569","465","9.8",,"199413.79088172043","379604.93860215053","18.22","monthly_sales_missing | monthly_revenue_missing | monthly_sales_missing | monthly_revenue_missing | monthly_sales_missing"
"tnl","Mighty Patch face/body extensions","high","2024-11","85836.58300000001","5150.4000000000015","8","8","14.82045833333334","2108.047619047619","26954","385","22",,"220204.78033333336","407914.2299354839","20.02","monthly_sales_missing | monthly_revenue_missing | monthly_sales_missing | monthly_revenue_missing | monthly_sales_missing"
"tnl","Mighty Patch face/body extensions","high","2024-12","83853.4064516129","4823.709677419355","8","8","15.173266129032264","3383.3917050691243","27237","283","-2.3",,"240021.54945161293","435966.87872043013","17.01","monthly_sales_missing | monthly_revenue_missing | monthly_sales_missing | monthly_revenue_missing | monthly_sales_missing"
"tnl","Mighty Patch face/body extensions","high","2025-01","69601.6612622721","4017.918653576437","8","8","16.54346774193549","4592.404978962132","27867","630","-17",,"239291.65071388503","438705.44159560546","14.88","monthly_sales_missing | monthly_revenue_missing | monthly_sales_missing | monthly_revenue_missing | monthly_sales_missing"
"tnl","Mighty Patch face/body extensions","high","2025-02","67787.53142857143","4161.785714285715","8","8","16.205758928571434","3990.9107142857147","28327","460","-2.6",,"221242.59914245643","441447.3794757898","15.49",""
"tnl","Mighty Patch face/body extensions","high","2025-03","61823.02580645161","3615.677419354839","8","8","16.75504032258065","4644.2137096774195","28794","467","-8.8",,"199212.21849729517","439233.7679489081","15.07",""
"tnl","Mighty Patch face/body extensions","high","2025-04","63593.282333333336","3671.133333333333","8","8","17.13500000000001","4637.266666666666","29424","630","2.9",,"193203.83956835637","432495.49028224143","9.86",""
"tnl","Mighty Patch face/body extensions","high","2025-05","63344.53967741935","3660.806451612903","8","8","17.054435483870975","4585.487903225806","29999","575","-0.4","10.1","188760.8478172043","410003.44695966074","8.96",""
"tnl","Mighty Patch face/body extensions","high","2025-06","61078.012","3490.6","8","8","17.220416666666672","4678.175","30623","624","-3.6","9.5","188015.83401075267","387228.05250804784","7.59",""
"tnl","Mighty Patch face/body extensions","high","2025-07","70897.17709677418","4086.3225806451615","8","8","17.064596774193557","4433.076612903225","31115","492","16.1","6","195319.72877419353","388523.5683425499","8.07",""
"tnl","Mighty Patch face/body extensions","high","2025-08","64922.029354838705","3837.709677419355","8","8","16.646612903225815","3926.1290322580644","31855","740","-8.4","-0.2","196897.2184516129","385658.0662688172","8.78",""
"tnl","Mighty Patch face/body extensions","high","2025-09","67823.25266666667","4006.2666666666673","8","8","16.34862500000001","4003.333333333333","32286","431","4.5","5.9","203642.45911827954","391658.29312903224","8.43",""
"tnl","Mighty Patch face/body extensions","high","2025-10","65675.55096774192","3966.967741935483","8","8","16.451935483870976","4962.754032258064","32387","101","-3.2","-6.6","198420.83298924728","393740.56176344084","10.03",""
"tnl","Mighty Patch face/body extensions","high","2025-11","57630.280999999995","3827.1000000000004","8","8","14.752625000000007","5907.045833333334","33127","740","-12.3","-32.9","191129.08463440856","388026.3030860215","8.54",""
"tnl","Mighty Patch face/body extensions","high","2025-12","49778.42870967741","3138.1612903225805","8","8","16.20725806451614","8476.620967741936","33570","443","-13.6","-40.6","173084.26067741934","376726.7197956989","8.16",""
"tnl","Mighty Patch face/body extensions","high","2026-01","51886.612903225796","3554.354838709677","8","8","15.4183870967742","4995.955645161291","33979","409","4.2","-25.5","159295.3226129032","357716.1556021505","12.09",""
"tnl","Mighty Patch face/body extensions","high","2026-02","64936.81249999999","4384.928571428572","8","8","15.509598214285722","5907.375","34688","709","25.2","-4.2","166601.8541129032","357730.93874731177","15.02",""
"tnl","Mighty Patch face/body extensions","high","2026-03","69325.07322580645","4717.741935483871","8","8","15.14616935483872","5675.399193548386","35174","486","6.8","12.1","186148.49862903223","359232.7593064516","13.71",""
"tnl","Mighty Patch face/body extensions","high","2026-04","59494.26699999999","4120.766666666666","8","8","15.428833333333342","6233.2625","35784","610","-14.2","-6.4","193756.15272580643","353051.47533870966","7.93",""
"tnl","Mighty Patch face/body extensions","high","2026-05","59093.32","4049.166666666666","8","8","15.578697916666675","5819.984375","36097","313","-0.7","-6.7","187912.66022580644","354514.51433870965","7.73",""