"company","asin","product_name","brand","category","source_file"
"coway","B0078OMNN8","Cuckoo CRP-HS0657F 6 Cup Pressure Rice Cooker  110V  Black","CUCKOO","Kitchen & Dining","Catalyst Products Export - Wed May 27 2026 19_50_37 GMT+0900 (한국 표준시).csv"
"coway","B00CCVNX0O","CUCKOO Micom Rice Cooker 3 Cup Uncooked / 6 Cup Cooked  Korean Fuzzy Logic Rice Cooker Small with Delay Timer & Keep Warm Setting  Versatile Food Steamer with Non-Stick Inner Pot  Red (CR-0351F)","CUCKOO","Kitchen & Dining","Catalyst Products Export - Wed May 27 2026 19_50_37 GMT+0900 (한국 표준시).csv"
"coway","B00E4XYQNG","CUCKOO CRP-HY1083F | 10-Cup (Uncooked) Induction Heating Pressure Rice Cooker | 13 Menu Options  Auto-Clean  Voice Navigation  Stainless Steel Inner Pot  Made in Korea | Black","CUCKOO","Kitchen & Dining","Catalyst Products Export - Wed May 27 2026 19_50_37 GMT+0900 (한국 표준시).csv"
"coway","B00HUWBDHU","Cuckoo Pressure Cover Packing Replacement Ring | CCP-06 by Cuckoo","CUCKOO","Home & Kitchen","Catalyst Products Export - Wed May 27 2026 19_50_37 GMT+0900 (한국 표준시).csv"
"coway","B00NJ12KAU","CUCKOO High Pressure Rice Cooker 6-Cup Uncooked / 12-Cup Cooked with Induction Heating Technology  Versatile Rice Maker with 16 Menu Options and Steam Plate  Voice Guide  White (CRP-BHSS0609F)","CUCKOO","Kitchen & Dining","Catalyst Products Export - Wed May 27 2026 19_50_37 GMT+0900 (한국 표준시).csv"
"coway","B00NUB6ARI","CUCKOO High Pressure Rice Cooker 10-Cup Uncooked / 20-Cup Cooked with Induction Heating Technology  Large Rice Maker with 17 Menu Options and Steam Plate  Voice Guide  Silver (CRP-CHSS1009FN)","CUCKOO","Kitchen & Dining","Catalyst Products Export - Wed May 27 2026 19_50_37 GMT+0900 (한국 표준시).csv"
"coway","B00PGBUK0I","CUCKOO Replacement Dual Motion Rubber Packing for 10-Cup IH Cooker Models | CCP-DH10","CUCKOO","Home & Kitchen","Catalyst Products Export - Wed May 27 2026 19_50_37 GMT+0900 (한국 표준시).csv"
"coway","B00PGC9R42","CUCKOO Replacement Dual Motion Rubber Packing for 6-Cup IH Cooker Models | CCP-DH06","CUCKOO","Home & Kitchen","Catalyst Products Export - Wed May 27 2026 19_50_37 GMT+0900 (한국 표준시).csv"
"coway","B00U1XN4L8","CUCKOO Commercial Rice Cooker & Warmer  Extra Large Rice Cooker 30-Cup Uncooked / 60-Cup Cooked  Professional Industrial Grain Cooker with Large Capacity  Easy One-Touch Operation  Silver (CR-3032)","CUCKOO","Industrial & Scientific","Catalyst Products Export - Wed May 27 2026 19_50_37 GMT+0900 (한국 표준시).csv"
"coway","B00XQEM2BM","CUCKOO High Pressure Rice Cooker 10-Cup Uncooked / 20-Cup Cooked with Nonstick Inner Pot  Large Rice Maker with 13 Menu Options and Steam Plate  Fuzzy Logic Tech  Voice Guide  White (CRP-P1009SW)","CUCKOO","Kitchen & Dining","Catalyst Products Export - Wed May 27 2026 19_50_37 GMT+0900 (한국 표준시).csv"
"coway","B00XQEM2E4","CUCKOO High Pressure Rice Cooker 10-Cup Uncooked / 20-Cup Cooked with Nonstick Inner Pot  Large Rice Maker with 13 Menu Options and Steam Plate  Fuzzy Logic Tech  Voice Guide  Black (CRP-P1009SB)","CUCKOO","Kitchen & Dining","Catalyst Products Export - Wed May 27 2026 19_50_37 GMT+0900 (한국 표준시).csv"
"coway","B019486ADO","Cuckoo Electric Heating Rice Cooker CR-0671V (Violet/White)","CUCKOO","Kitchen & Dining","Catalyst Products Export - Wed May 27 2026 19_50_37 GMT+0900 (한국 표준시).csv"
"coway","B01JRTZVVM","CUCKOO High Pressure Rice Cooker 6-Cup Uncooked / 12-Cup Cooked with Nonstick Inner Pot  Versatile Rice Maker with 12 Menu Options and Steam Plate  Fuzzy Logic Tech  Voice Guide  Black (CRP-P0609S)","CUCKOO","Kitchen & Dining","Catalyst Products Export - Wed May 27 2026 19_50_37 GMT+0900 (한국 표준시).csv"
"coway","B01LYLW8P6","CUCKOO Basic Rice Cooker 6-Cup Uncooked / 12-Cup Cooked  Versatile Rice Maker with Non-Stick Inner Pot  Easy to Use  Auto Keep Warm  White/Purple (CR-0671V)","CUCKOO","Kitchen & Dining","Catalyst Products Export - Wed May 27 2026 19_50_37 GMT+0900 (한국 표준시).csv"
"coway","B01MQWFGKG","CUCKOO Micom Rice Cooker 6 Cup Uncooked / 12 Cup Cooked  Fuzzy Logic Rice Maker with Delay Timer & Keep Warm Setting  Versatile Food Steamer for Cooking  Non-Stick Inner Pot  Red (CR-0655F)","CUCKOO","Kitchen & Dining","Catalyst Products Export - Wed May 27 2026 19_50_37 GMT+0900 (한국 표준시).csv"
"coway","B01N21414D","Cuckoo CRP-HY1083F 10 Cup Pressure Rice Cooker  110V  Black by Cuckoo","CUCKOO","N.A.","Catalyst Products Export - Wed May 27 2026 19_50_37 GMT+0900 (한국 표준시).csv"
"coway","B071H1FXFC","CUCKOO CRP-HS0657FW 6-Cup (Uncooked) 12-Cup (Cooked) Induction Heating Pressure Rice Cooker with Nonstick Inner Pot & 16 Menu Modes (White/Silver  Made in Korea)","CUCKOO","Kitchen & Dining","Catalyst Products Export - Wed May 27 2026 19_50_37 GMT+0900 (한국 표준시).csv"
"coway","B0721ZMW8K","CUCKOO High Pressure Rice Cooker 6-Cup Uncooked / 12-Cup Cooked with Induction Heating Technology  Versatile Rice Maker with 13 Menu Options and Steam Plate  Voice Guide  Dark Gray (CRP-DHSR0609FD)","CUCKOO","Kitchen & Dining","Catalyst Products Export - Wed May 27 2026 19_50_37 GMT+0900 (한국 표준시).csv"
"coway","B072NFGLSV","CUCKOO High Pressure Rice Cooker 3-Cup Uncooked / 6-Cup Cooked with Induction Heating Technology  Small Rice Maker with 16 Menu Options and Steam Plate  Voice Guide  Gold (CRP-EHSS0309F)","CUCKOO","Kitchen & Dining","Catalyst Products Export - Wed May 27 2026 19_50_37 GMT+0900 (한국 표준시).csv"
"coway","B075R7VL2Z","CUCKOO Electric Pressure Cooker 5QT  Versatile Slow Cooker with 10 Menu Options  High Pressure Food Steamer for Cooking  Instant Multicooker with Stainless Steel Non-Stick Inner Pot (CMC-QSB501S)","CUCKOO","Kitchen & Dining","Catalyst Products Export - Wed May 27 2026 19_50_37 GMT+0900 (한국 표준시).csv"
"coway","B07XVS44W8","CUCKOO CRP-P1009SB | rice cooker 10 Cup (Uncooked) Electric Heating Pressure Cooker & Warmer | 12 Menu Options: Quinoa  Oatmeal  GABA/Brown Rice & More  Made in Korea | Black/Copper","CUCKOO","Kitchen & Dining","Catalyst Products Export - Wed May 27 2026 19_50_37 GMT+0900 (한국 표준시).csv"
"coway","B082QV3J6K","CUCKOO High Pressure Rice Cooker 10-Cup Uncooked / 20-Cup Cooked with Nonstick Inner Pot  Large Rice Maker with 13 Menu Options and Steam Plate  Fuzzy Logic Tech  Auto Clean  Black (CRP-PK1001S)","CUCKOO","Kitchen & Dining","Catalyst Products Export - Wed May 27 2026 19_50_37 GMT+0900 (한국 표준시).csv"
"coway","B0831RL6XK","CUCKOO Micom Rice Cooker 6 Cup Uncooked / 12 Cup Cooked  Korean Fuzzy Logic Rice Cooker with Delay Timer & Keep Warm Setting  Versatile Food Steamer with Non-Stick Inner Pot  Silver (CR-0632F)","CUCKOO","Kitchen & Dining","Catalyst Products Export - Wed May 27 2026 19_50_37 GMT+0900 (한국 표준시).csv"
"coway","B0842DDJL4","CUCKOO Micom Rice Cooker 8-Cup Uncooked / 16-Cup Cooked with Nonstick Inner Pot  Large Rice Maker with 9 Menu Options  Fuzzy Logic Technology  Auto Clean Mode  LCD Display  White (CR-0810F)","CUCKOO","Kitchen & Dining","Catalyst Products Export - Wed May 27 2026 19_50_37 GMT+0900 (한국 표준시).csv"
"coway","B087H9ZVKD","Cuckoo CRP-RT0609FW 6 cup Twin Pressure Plate Rice Cooker & Warmer with High Heat  GABA  Mixed  Scorched  Turbo  Porridge  Baby Food  Steam (Hi/Non Press.) and more  Made in Korea (White)","CUCKOO","Kitchen & Dining","Catalyst Products Export - Wed May 27 2026 19_50_37 GMT+0900 (한국 표준시).csv"
"coway","B08CBKKL9Z","CUCKOO Electric Pressure Cooker 14 Menu Options: White  Slow Cook  Sous Vide  Porridge  & More  User-Friendly LED Display  Stainless Steel Inner Pot  24 Cup / 6 Qt. (Uncooked) CMC-ASB601F White/Gold","CUCKOO","Kitchen & Dining","Catalyst Products Export - Wed May 27 2026 19_50_37 GMT+0900 (한국 표준시).csv"
"coway","B08DP4TGNN","CUCKOO Twin Pressure Rice Cooker 6-Cup Uncooked / 12-Cup Cooked with Induction Heating Technology  20 Menu Modes with Voice Guide  Versatile Rice Maker Multi-Cooker & Pressure Cooker (CRP-LHTR0609FW)","CUCKOO","Kitchen & Dining","Catalyst Products Export - Wed May 27 2026 19_50_37 GMT+0900 (한국 표준시).csv"
"coway","B08TQX6FSS","CUCKOO Bread Maker Machine with 15 Menu Options + 3 Crust Colors  2 lbs Bread Machine with Automatic Fruit & Nut Dispenser  Includes 6 Accessories  Ideal Breadmaker for Sourdough (CBM-AAB101S)","CUCKOO","Kitchen & Dining","Catalyst Products Export - Wed May 27 2026 19_50_37 GMT+0900 (한국 표준시).csv"
"coway","B08WFNV82W","CUCKOO Micom Rice Cooker 6-Cup Uncooked / 12-Cup Cooked with Nonstick Inner Pot  Versatile Rice Maker with 9 Menu Options  Fuzzy Logic Technology  Auto Clean  Quick Rice Mode  White (CR-0675FW)","CUCKOO","Kitchen & Dining","Catalyst Products Export - Wed May 27 2026 19_50_37 GMT+0900 (한국 표준시).csv"
"coway","B08ZH4JJHM","CUCKOO True HEPA Air Purifier Bundle with Extra Filter  Up to 456 sq. ft.  3-Stage Filter with H13 HEPA and Activated Carbon  Small Air Purifiers for Home Bedroom  White (CAC-I0510FW)","CUCKOO","Home & Kitchen","Catalyst Products Export - Wed May 27 2026 19_50_37 GMT+0900 (한국 표준시).csv"
"coway","B0991JHP9G","CUCKOO Pressure Cooker 10 Menu Options: Steamer  Slow Cook  Sauté  Porridge  & More  User-Friendly LED Display  Stainless Steel Inner Pot  24 Cup / 6 Qt. (Uncooked) CMC-ZSN601F Black","CUCKOO","Kitchen & Dining","Catalyst Products Export - Wed May 27 2026 19_50_37 GMT+0900 (한국 표준시).csv"
"coway","B09GK4HHSV","CUCKOO CVB-D50SB 16.9oz Sliding Sip Tumbler  Stainless Steel Travel Mug  Double Wall Vacuum Insulation (Black)","CUCKOO","Kitchen & Dining","Catalyst Products Export - Wed May 27 2026 19_50_37 GMT+0900 (한국 표준시).csv"
"coway","B09KT5H27B","CUCKOO Bidet","CUCKOO","Tools & Home Improvement","Catalyst Products Export - Wed May 27 2026 19_50_37 GMT+0900 (한국 표준시).csv"
"coway","B09NMSXPB2","CUCKOO True HEPA Air Purifier for Large Room Up to 2 256 sq. ft.  Advanced 5-Stage Filter with UV-C Light and Activated Carbon  Air Purifiers for Home with Quiet Sleep Mode  White (CAC-K1910FW)","CUCKOO","Home & Kitchen","Catalyst Products Export - Wed May 27 2026 19_50_37 GMT+0900 (한국 표준시).csv"
"coway","B0B44XTV71","CUCKOO Twin Pressure Rice Cooker 6-Cup Uncooked / 12-Cup Cooked with Nonstick Inner Pot  Versatile Rice Maker & Warmer with 16 Menu Options  Open Cooking Mode  Voice Guide  White (CRP-ST0609FW)","CUCKOO","Kitchen & Dining","Catalyst Products Export - Wed May 27 2026 19_50_37 GMT+0900 (한국 표준시).csv"
"coway","B0B4MYBLZQ","CUCKOO Micom Rice Cooker 3-Cup Uncooked / 6-Cup Cooked with Nonstick Inner Pot  Small Rice Maker with 8 Menu Options  Fuzzy Logic Technology  Auto Clean  Quick Rice Mode  White (CR-0375FW)","CUCKOO","Kitchen & Dining","Catalyst Products Export - Wed May 27 2026 19_50_37 GMT+0900 (한국 표준시).csv"
"coway","B0B5B3QBV1","CUCKOO Micom Rice Cooker 6-Cup Uncooked / 12-Cup Cooked with Nonstick Inner Pot  Versatile Rice Maker with 9 Menu Options  Fuzzy Logic Technology  Auto Clean  Quick Rice Mode  Gray (CR-0675FG)","CUCKOO","Kitchen & Dining","Catalyst Products Export - Wed May 27 2026 19_50_37 GMT+0900 (한국 표준시).csv"
"coway","B0B7CGP75Z","CUCKOO CRP-LHTR1009F | rice cooker 10 Cup (Uncooked) Twin Pressure Induction Heating Cooker | 16 Menu Options: High/Non-Pressure Steam & More  Stainless Steel Inner Pot  Made in Korea | White-Renewed","CUCKOO","Kitchen & Dining","Catalyst Products Export - Wed May 27 2026 19_50_37 GMT+0900 (한국 표준시).csv"
"coway","B0BBP8X8GG","CUCKOO High Pressure Rice Cooker 6-Cup Uncooked / 12-Cup Cooked with Induction Heating Technology  Versatile Rice Maker with 16 Menu Options and Steam Plate  Voice Guide  Copper (CRP-JHR0609F)","CUCKOO","Kitchen & Dining","Catalyst Products Export - Wed May 27 2026 19_50_37 GMT+0900 (한국 표준시).csv"
"coway","B0BF8V1THG","Cuckoo CACF-ABAF 2-in-1 H13 True HEPA Replacement Filter for CAC-AB0610FI air Purifier  Up to 6 Months  Pack of 1","CUCKOO","Home & Kitchen","Catalyst Products Export - Wed May 27 2026 19_50_37 GMT+0900 (한국 표준시).csv"
"coway","B0BFD57VRL","Cuckoo CACFS-K12M03US 1 Year Bundle Replacement Filter Package for CAC-K1910FW Air Purifier  4-in-1 Filteration System  Made in Korea","CUCKOO","Home & Kitchen","Catalyst Products Export - Wed May 27 2026 19_50_37 GMT+0900 (한국 표준시).csv"
"coway","B0BLJ7NCQL","CUCKOO ND-A0609FG NELLO Air Shower & Pet Dryer for Small to Medium Pets with Dust Collecting Air Filters  3 Dimensional Wind  360-Degree Drying  2 Voice Guide (White/Gray)","CUCKOO","Pet Supplies","Catalyst Products Export - Wed May 27 2026 19_50_37 GMT+0900 (한국 표준시).csv"
"coway","B0BWGSQ7Q8","CUCKOO Oscillating Fan for Bedroom  Standing Pedestal Floor Fan with 12 Speeds & 4 Wind Modes  Adjustable Height with Remote  Quiet BLDC Electric Motor  Ideal for Any Room  White (CF-AC1410WH)","CUCKOO","Home & Kitchen","Catalyst Products Export - Wed May 27 2026 19_50_37 GMT+0900 (한국 표준시).csv"
"coway","B0BYRFF57N","CUCKOO Air Oven | 18 Preset Modes  360 Convectional Cooking  Premium Interior & Exterior  All accessories included Black/Stainless Steel CAFO-A2601S","CUCKOO","Kitchen & Dining","Catalyst Products Export - Wed May 27 2026 19_50_37 GMT+0900 (한국 표준시).csv"
"coway","B0BZGTKLDX","CUCKOO 1-Year Filter Replacement Bundle for Air Purifier Model CAC-R1510FW (For ASIN: B0B8GGDRTC)","CUCKOO","Home & Kitchen","Catalyst Products Export - Wed May 27 2026 19_50_37 GMT+0900 (한국 표준시).csv"
"coway","B0C125Y46W","CUCKOO CAFG-A0601S Countertop Air Grill | Air Grill  Air Fry  Roast  Bake & Broil  Easy to Clean  Dishwasher Safe Accessories  Recipe Book Included  Stainless Steel","CUCKOO","Kitchen & Dining","Catalyst Products Export - Wed May 27 2026 19_50_37 GMT+0900 (한국 표준시).csv"
"coway","B0C6VSDY1V","CUCKOO CRP-JHR1009F | 10-Cup (Uncooked) Induction Heating Pressure Rice Cooker | 19 Menu Options  Auto-Clean  Voice Guide  Made in Korea | Copper (Renewed) (Renewed)","CUCKOO","Kitchen & Dining","Catalyst Products Export - Wed May 27 2026 19_50_37 GMT+0900 (한국 표준시).csv"
"coway","B0C6VVCC8S","CUCKOO CRP-ST1009F 10-Cup (Uncooked) Twin Pressure Rice Cooker & Warmer 12 Menu Options: High/Non-Pressure Steam & More  Made in Korea White (Renewed)","CUCKOO","Kitchen & Dining","Catalyst Products Export - Wed May 27 2026 19_50_37 GMT+0900 (한국 표준시).csv"
"coway","B0C7JQ31SC","CUCKOO CR-1020F | 10-Cup (Uncooked) Micom Rice Cooker | 16 Menu Options: White Rice  Brown Rice & More  Nonstick Inner Pot  Designed in Korea | White (Renewed)","CUCKOO","Kitchen & Dining","Catalyst Products Export - Wed May 27 2026 19_50_37 GMT+0900 (한국 표준시).csv"
"coway","B0C7JRKFJ9","CUCKOO CBM-AAB101S | Multi-Functional Bread Maker | 1 lb  1.5 lb  & 2 lb. Loaf Options  Crust Color Customization  Auto Fruit & Nut Dispenser  Gluten-Free Option | Stainless Steel (Renewed)","CUCKOO","Kitchen & Dining","Catalyst Products Export - Wed May 27 2026 19_50_37 GMT+0900 (한국 표준시).csv"
"coway","B0C91WFFWQ","CUCKOO CWP-A501TW | Hot Water Dispenser & Warmer | Auto Dispense & Boil Dry Protection | Insulated Stainless Steel | 5 Liter","CUCKOO","Home & Kitchen","Catalyst Products Export - Wed May 27 2026 19_50_37 GMT+0900 (한국 표준시).csv"
"coway","B0CHG3HVJX","6-Cup / 1.5 Qt. (Uncooked) Micom Rice Cooker and Warmer  Steamer basket  11 Operating Modes: White Rice  Brown Rice & More  Nonstick Inner Pot  Made in Korea  Small Rice Cooker  Multi Cooker  CR-0641F","CUCKOO","Kitchen & Dining","Catalyst Products Export - Wed May 27 2026 19_50_37 GMT+0900 (한국 표준시).csv"
"coway","B0CQTTC1VG","CUCKOO Commercial Rice Cooker & Warmer  Extra Large Rice Cooker 30-Cup Uncooked / 60-Cup Cooked  Professional Industrial Grain Cooker with Large Capacity  Easy One-Touch Operation  Silver (CR-3055)","CUCKOO","Industrial & Scientific","Catalyst Products Export - Wed May 27 2026 19_50_37 GMT+0900 (한국 표준시).csv"
"coway","B0CW367FF1","CUCKOO CR-0631F | 6-Cup (Uncooked) Micom Rice Cooker | 8 Menu Options & CR-1020F | 10-Cup (Uncooked) Micom Rice Cooker | 16 Menu Options","CUCKOO","N.A.","Catalyst Products Export - Wed May 27 2026 19_50_37 GMT+0900 (한국 표준시).csv"
"coway","B0CWR6GKQN","CUCKOO CRP-LHTR0609FW Small Stainless Steel Rice Cooker 6-Cup (Uncooked)  12 Cups (Cooked) & Replacement Dual Motion Rubber Packing for 6-Cup IH Cooker Models | CCP-DH06  Gray","CUCKOO","N.A.","Catalyst Products Export - Wed May 27 2026 19_50_37 GMT+0900 (한국 표준시).csv"
"coway","B0CYNVF15J","CUCKOO Basic Rice Cooker 10-Cup Uncooked / 20-Cup Cooked  Large Rice Maker and Warmer with Nonstick Inner Pot  Easy to Use with Auto Keep Warm  Includes Steam Tray  White (CR-1095)","CUCKOO","Kitchen & Dining","Catalyst Products Export - Wed May 27 2026 19_50_37 GMT+0900 (한국 표준시).csv"
"coway","B0D2CM7KYM","CUCKOO 10-Cup Pressure & 6-Cup Micom Rice Cookers | Multiple Menu Options | Made in Korea","CUCKOO","N.A.","Catalyst Products Export - Wed May 27 2026 19_50_37 GMT+0900 (한국 표준시).csv"
"coway","B0D5GJGCXN","CUCKOO Powerclone Cordless Vacuum Cleaner for Home with Charging Stand  High-Suction Cordless Stick Vacuum Cleaner for Hardwood Floor and Carpet  Includes Multiple Attachments  White (CVC-A1410NW)","CUCKOO","Home & Kitchen","Catalyst Products Export - Wed May 27 2026 19_50_37 GMT+0900 (한국 표준시).csv"
"coway","B0D7GH3KTS","CUCKOO Rechargeable Travel Fan with 30 Hour Runtime  Portable Fan for Travel with BLDC Motor  Adjustable Height  4 Wind Modes & 12 Speed Modes  Cordless Battery Powered  White (CF-ECL1010WH)","CUCKOO","Home & Kitchen","Catalyst Products Export - Wed May 27 2026 19_50_37 GMT+0900 (한국 표준시).csv"
"coway","B0DJG9XZ1V","CUCKOO Single Serve Coffee Maker for K-Cup Ground Beans & Loose-Leaf Tea  Versatile 3-in-1 Pod Coffee Maker  Small Single Cup Machine with 5 Sizes and Auto-Clean Mode (CCM-AK011B)","CUCKOO","Home & Kitchen","Catalyst Products Export - Wed May 27 2026 19_50_37 GMT+0900 (한국 표준시).csv"
"coway","B0DL7SYPVW","CUCKOO Allergen Filter Replacement for CAC-K1910FW","CUCKOO","Home & Kitchen","Catalyst Products Export - Wed May 27 2026 19_50_37 GMT+0900 (한국 표준시).csv"
"coway","B0DXQQXCBK","CUCKOO 11 in Kyndell Nonstick Ceramic Wok Pan  Induction Compatible (COP-B2810HGB)","CUCKOO","Kitchen & Dining","Catalyst Products Export - Wed May 27 2026 19_50_37 GMT+0900 (한국 표준시).csv"
"coway","B0DYKWV9HW","CUCKOO Classic 10-Cup Drip Coffee Maker  Easy To Use Coffee Machine with Programmable Timer  Includes Glass Coffee Pot with Two Brew Strength Settings and Reusable Mesh Filter (CCM-BD011B)","CUCKOO","Home & Kitchen","Catalyst Products Export - Wed May 27 2026 19_50_37 GMT+0900 (한국 표준시).csv"
"coway","B0FPYDZT52","CUCKOO One Touch Rice Cooker 12-Cup Cooked  Small Rice Cooker & Warmer with Steamer Tray  Versatile Grain Cooker  Soup Maker  Auto Keep Warm  6-Cup Uncooked  White (CR-0601C)","CUCKOO","Kitchen & Dining","Catalyst Products Export - Wed May 27 2026 19_50_37 GMT+0900 (한국 표준시).csv"
"coway","B0FRGMHCJQ","Cuckoo Rice Stove 1800ml White CR-1095 CR1095 (CR-1095)","CUCKOO","N.A.","Catalyst Products Export - Wed May 27 2026 19_50_37 GMT+0900 (한국 표준시).csv"
"coway","B0FRGND13S","CUCKOO CR-0685FW Rice Cooker | Capacity 1.08 Litres","CUCKOO","N.A.","Catalyst Products Export - Wed May 27 2026 19_50_37 GMT+0900 (한국 표준시).csv"
"coway","B0FXNXR46R","CUCKOO Twin Pressure Rice Cooker 6-Cup Uncooked / 12-Cup Cooked with Induction Heating Technology  Silent Pressure System  Open Cooking Mode  Dynamic Display  Eco Inner Pot  Gray (CRP-PHTR0609FS)","CUCKOO","Kitchen & Dining","Catalyst Products Export - Wed May 27 2026 19_50_37 GMT+0900 (한국 표준시).csv"
"coway","B0FXNYNHMX","CUCKOO Twin Pressure Rice Cooker 6-Cup Uncooked / 12-Cup Cooked with Induction Heating Technology  Silent Pressure System  Open Cooking Mode  Dynamic Display  Eco Inner Pot  White (CRP-OHTR0609FW)","CUCKOO","Kitchen & Dining","Catalyst Products Export - Wed May 27 2026 19_50_37 GMT+0900 (한국 표준시).csv"
"coway","B0GJJDG93W","CUCKOO Micom Rice Cooker 8-Cup Uncooked / 16-Cup Cooked with Induction Heating Technology  Versatile Rice Maker with 12 Menu Options and Steam Plate  Voice Guide  White (CR-HA0810FW)","CUCKOO","Kitchen & Dining","Catalyst Products Export - Wed May 27 2026 19_50_37 GMT+0900 (한국 표준시).csv"
"coway","B0GPGXCYBW","CUCKOO Twin Pressure Rice Cooker 6-Cup Uncooked / 12-Cup Cooked with Induction Heating Technology  19 Menu Modes with Voice Guide  Full Stainless Steel Inner Pot  White (CRP-LHTAR0609FW)","CUCKOO","Kitchen & Dining","Catalyst Products Export - Wed May 27 2026 19_50_37 GMT+0900 (한국 표준시).csv"
"coway","B0GXBYGJ6M","CUCKOO Twin Pressure Rice Cooker 10-Cup Uncooked / 20-Cup Cooked with Induction Heating Technology  Silent Pressure System  Open Cooking Mode  Dynamic Display  Eco Inner Pot  White (CRP-OHTR1009FW)","CUCKOO","Kitchen & Dining","Catalyst Products Export - Wed May 27 2026 19_50_37 GMT+0900 (한국 표준시).csv"
"samyang","B001AY9GVO","Samyang Ramen  4.23-Ounce Units (Pack of 20)","SAMYANG","Grocery & Gourmet Food","Catalyst Products Export - Wed May 27 2026 19_50_25 GMT+0900 (한국 표준시).csv"
"samyang","B001AYBDJM","Samyang Ramen Noodle Soup  21.50-Ounce Units (Pack of 8)","SAMYANG","Grocery & Gourmet Food","Catalyst Products Export - Wed May 27 2026 19_50_25 GMT+0900 (한국 표준시).csv"
"samyang","B006H08J2I","Samyang Ramen Korean Noodle Soup  4.23 oz (Pack of 5)","SAMYANG","Grocery & Gourmet Food","Catalyst Products Export - Wed May 27 2026 19_50_25 GMT+0900 (한국 표준시).csv"
"samyang","B01M03T7SC","NEW Samyang CHEESE HOT SPICY Chicken Ramen Noodles 1 pack","SAMYANG","Grocery & Gourmet Food","Catalyst Products Export - Wed May 27 2026 19_50_25 GMT+0900 (한국 표준시).csv"
"samyang","B01M0Y16V5","Samyang Hot Chicken Ramen  1.55 Lb","SAMYANG","Grocery & Gourmet Food","Catalyst Products Export - Wed May 27 2026 19_50_25 GMT+0900 (한국 표준시).csv"
"samyang","B072BJJZDN","Samyang Hot Chicken Flavor Cup Ramen 6counts  2.46 Ounce (Pack of 6)","SAMYANG","Grocery & Gourmet Food","Catalyst Products Export - Wed May 27 2026 19_50_25 GMT+0900 (한국 표준시).csv"
"samyang","B0753R5DJN","Samyang Spicy Chicken Stir Fried Noodle Cup (2X Spicy Big Cup (105 g)  Pack of 3)","SAMYANG","Grocery & Gourmet Food","Catalyst Products Export - Wed May 27 2026 19_50_25 GMT+0900 (한국 표준시).csv"
"samyang","B0767WYMN7","Samyang Ramen Spicy Chicken Roasted Noodles 5Pack (140 g Each) 8lgkwkc","SAMYANG","Grocery & Gourmet Food","Catalyst Products Export - Wed May 27 2026 19_50_25 GMT+0900 (한국 표준시).csv"
"samyang","B076YDN2XV","Samyang 2X Spicy Chicken Flavor Ramen 140g","SAMYANG","Grocery & Gourmet Food","Catalyst Products Export - Wed May 27 2026 19_50_25 GMT+0900 (한국 표준시).csv"
"samyang","B078PM57R5","Samyang Carbo Hot Chicken Flavor Ramen / Spicy Chicken Roasted Noodles 130g (Pack of 10)","SAMYANG","Grocery & Gourmet Food","Catalyst Products Export - Wed May 27 2026 19_50_25 GMT+0900 (한국 표준시).csv"
"samyang","B078SQFRLS","Samyang Hot chicken stir fried ramen noodle  Carbo 5 pk  22.9 Ounce","SAMYANG","Grocery & Gourmet Food","Catalyst Products Export - Wed May 27 2026 19_50_25 GMT+0900 (한국 표준시).csv"
"samyang","B079KRDVPZ","Limited Edition Samyang Carbo Buldak Super Hot Spicy Noodle 5 PACKS","SAMYANG","Grocery & Gourmet Food","Catalyst Products Export - Wed May 27 2026 19_50_25 GMT+0900 (한국 표준시).csv"
"samyang","B07CLFHKCJ","Samyang hot chicken carbo ramen 105g x 2 cups","SAMYANG","Grocery & Gourmet Food","Catalyst Products Export - Wed May 27 2026 19_50_25 GMT+0900 (한국 표준시).csv"
"samyang","B07CXKNVRX","Samyang Carbo Hot Chicken Flavor Ramen Big Cup","SAMYANG","Grocery & Gourmet Food","Catalyst Products Export - Wed May 27 2026 19_50_25 GMT+0900 (한국 표준시).csv"
"samyang","B07DPWD59Z","Samyang Spicy Chicken Stir Fried Noodle Cup (3 Flavor Combo  Pack of 3)","SAMYANG","N.A.","Catalyst Products Export - Wed May 27 2026 19_50_25 GMT+0900 (한국 표준시).csv"
"samyang","B07DYDT8R9","Samyang Bulldark Spicy Chicken Roasted Noodles  5 Ounce (Pack of 5)","SAMYANG","Grocery & Gourmet Food","Catalyst Products Export - Wed May 27 2026 19_50_25 GMT+0900 (한국 표준시).csv"
"samyang","B07G2RJWDR","Samyang Jjajang Hot Chicken Ramen ì§Å“ìž¥ ë¶Ë†ëâ€¹­ 볶ì Å’면  multi  4.94 ounce (pack of 5) (Ven-VND15-149)","SAMYANG","Grocery & Gourmet Food","Catalyst Products Export - Wed May 27 2026 19_50_25 GMT+0900 (한국 표준시).csv"
"samyang","B07JLFT57G","Samyang Buldak Chicken Stir Fried Ramen Korean Ramen (Cheese  3 Pack)","SAMYANG","N.A.","Catalyst Products Export - Wed May 27 2026 19_50_25 GMT+0900 (한국 표준시).csv"
"samyang","B07KSJ5YYY","Samyang Buldak Chicken Stir Fried Ramen Korean Ramen (5 Flavor Combo  5 Pack)","SAMYANG","Grocery & Gourmet Food","Catalyst Products Export - Wed May 27 2026 19_50_25 GMT+0900 (한국 표준시).csv"
"samyang","B07N372JD2","Samyang / Spicy Hot Chicken Roasted Sauce 200g","SAMYANG","Grocery & Gourmet Food","Catalyst Products Export - Wed May 27 2026 19_50_25 GMT+0900 (한국 표준시).csv"
"samyang","B07N8TQSBT","[Samyang] Buldark Spicy Chicken Roasted Sauce 200g×2 / Korean food / Korean sauce / Asian dishes (overseas direct shipment)","SAMYANG","Grocery & Gourmet Food","Catalyst Products Export - Wed May 27 2026 19_50_25 GMT+0900 (한국 표준시).csv"
"samyang","B07NL7ZL26","Samyang Buldak Fire Chicken Spicy Ramen (140g X 5)","SAMYANG","N.A.","Catalyst Products Export - Wed May 27 2026 19_50_25 GMT+0900 (한국 표준시).csv"
"samyang","B07P579GH2","Samyang 2pcs(1 Carbo + 1 Original) Buldak (Roast Chicken) Hot Spicy Rice Cake Tteokbokki","SAMYANG","Grocery & Gourmet Food","Catalyst Products Export - Wed May 27 2026 19_50_25 GMT+0900 (한국 표준시).csv"
"samyang","B07PBN6DFB","Samyang 2 cubs Carbo Buldak (Roast Chicken) Hot Spicy Rice Cake Tteokbokki","SAMYANG","Grocery & Gourmet Food","Catalyst Products Export - Wed May 27 2026 19_50_25 GMT+0900 (한국 표준시).csv"
"samyang","B07PKGDPBJ","[Samyang] Carbo Spicy Chicken Fried Cup Noodles 80g × 6EA / Korean food / Korean ramen (overseas direct shipment)","SAMYANG","Grocery & Gourmet Food","Catalyst Products Export - Wed May 27 2026 19_50_25 GMT+0900 (한국 표준시).csv"
"samyang","B07R6CCY28","[Samyang] Carbo Bulldark Spicy Chicken Roasted Sauce + Bulldark Spicy Chicken Roasted Sauce 2 sets / Fire Noodle Challenge (overseas direct shipment)","SAMYANG","Grocery & Gourmet Food","Catalyst Products Export - Wed May 27 2026 19_50_25 GMT+0900 (한국 표준시).csv"
"samyang","B07SGFN76M","Samyang Hot Chicken Buldak Rice Bowl Noodles  185g","SAMYANG","Grocery & Gourmet Food","Catalyst Products Export - Wed May 27 2026 19_50_25 GMT+0900 (한국 표준시).csv"
"samyang","B07TDGNMV2","Samyang 2X Spicy Hot Chicken Flavor Ramen  4.9oz (Pack of 5)","SAMYANG","Grocery & Gourmet Food","Catalyst Products Export - Wed May 27 2026 19_50_25 GMT+0900 (한국 표준시).csv"
"samyang","B07Y5LL1MY","[Samyang] Extremely Spicy! HACK Bulldark Spicy Chicken Roasted Sauce 200g / Korean food/Korean sauce/Asian dishes/Fire Noodle Challenge (pack of 2)","SAMYANG","Grocery & Gourmet Food","Catalyst Products Export - Wed May 27 2026 19_50_25 GMT+0900 (한국 표준시).csv"
"samyang","B07YLBZM5K","Samyang 2XSpicy Hot Chicken Buldak Sauce 200gm","SAMYANG","Grocery & Gourmet Food","Catalyst Products Export - Wed May 27 2026 19_50_25 GMT+0900 (한국 표준시).csv"
"samyang","B07ZR7WNDR","[Samyang] Bulldark Spicy Chicken Roasted Mayonnaise 250g / Korean food/Korean sauce/Asian dishes (overseas direct shipment)","SAMYANG","Grocery & Gourmet Food","Catalyst Products Export - Wed May 27 2026 19_50_25 GMT+0900 (한국 표준시).csv"
"samyang","B084ZRCYMP","Samyang 2XBuldak Korean Spicy Hot Chicken Flavor Sauce 7oz (Pack of 1)","SAMYANG","Grocery & Gourmet Food","Catalyst Products Export - Wed May 27 2026 19_50_25 GMT+0900 (한국 표준시).csv"
"samyang","B08KS4RQJX","Samyang Buldak Carbo Hot Chicken Flavor Rice Bowl Noodles -179 gm","SAMYANG","Grocery & Gourmet Food","Catalyst Products Export - Wed May 27 2026 19_50_25 GMT+0900 (한국 표준시).csv"
"samyang","B095WGBM73","Samyang Buldak (Korean) Hot Spicy Chicken Stir Fried Ramen (Noodles) 4.94 oz (Pack of 20)","SAMYANG","Grocery & Gourmet Food","Catalyst Products Export - Wed May 27 2026 19_50_25 GMT+0900 (한국 표준시).csv"
"samyang","B09DF7J8P8","Samyang Buldak Spicy Hot Chicken Stir Fried Big Bowl Ramen 3.70 oz (Pack of 1)","SAMYANG","Grocery & Gourmet Food","Catalyst Products Export - Wed May 27 2026 19_50_25 GMT+0900 (한국 표준시).csv"
"samyang","B09DFM89LH","Samyang 2X Buldak Spicy Hot Chicken Stir Fried Big Bowl Ramen 3.70 oz (Pack of 1)","SAMYANG","Grocery & Gourmet Food","Catalyst Products Export - Wed May 27 2026 19_50_25 GMT+0900 (한국 표준시).csv"
"samyang","B09HK3BV9H","Sam Yang Korean Buldak Cream Carbonara Noodles Pk1&Buldak Carbo Noddles Pk1&Buldak Stirefried Pk1(420Gm)(Imported)Pack Of 3(Non-Vegetrian)","Sam Yang","Grocery & Gourmet Food","Catalyst Products Export - Wed May 27 2026 19_50_25 GMT+0900 (한국 표준시).csv"
"samyang","B09HT57J29","Samyang Buldak Spicy Hot Chicken Stir Fried Big Bowl Ramen (Original_Pack of 16)","SAMYANG","Grocery & Gourmet Food","Catalyst Products Export - Wed May 27 2026 19_50_25 GMT+0900 (한국 표준시).csv"
"samyang","B09LPXG9G4","Samyang Buldak Spicy Hot Chicken Stir-Fried Cup Noodles (Pack of 6)","SAMYANG","Grocery & Gourmet Food","Catalyst Products Export - Wed May 27 2026 19_50_25 GMT+0900 (한국 표준시).csv"
"samyang","B09LQDVT57","Samyang 2X Buldak Spicy Hot Chicken Stir Fried Cup Noodles (Pack of 6)","SAMYANG","Grocery & Gourmet Food","Catalyst Products Export - Wed May 27 2026 19_50_25 GMT+0900 (한국 표준시).csv"
"samyang","B0BW6D5S6G","Samyang Buldak Korean Spicy Chicken Stir Fried Ramen Original Flavor Spicy Noodles Authentic Korean Ramyun 4.94 oz (Pack of 5)","SAMYANG","Grocery & Gourmet Food","Catalyst Products Export - Wed May 27 2026 19_50_25 GMT+0900 (한국 표준시).csv"
"samyang","B0C6Q4PNV4","Samyang Buldak Hot Chicken Ramen  Korean Stir-Fried Instant Noodle  2X Spicy  4.94 OZ(140g)  Pack of 5","SAMYANG","Grocery & Gourmet Food","Catalyst Products Export - Wed May 27 2026 19_50_25 GMT+0900 (한국 표준시).csv"
"samyang","B0C6Q7CQS9","Samyang Buldak Hot Spicy Chicken Ramen Noodle Korean Stir-Fried Ramen  Original Flavor  Pack of 5","SAMYANG","Grocery & Gourmet Food","Catalyst Products Export - Wed May 27 2026 19_50_25 GMT+0900 (한국 표준시).csv"
"samyang","B0C85RZWP3","Samyang Buldak Spicy Ramen  Hot Chicken Ramen  Korean Stir-Fried Instant Noodle  Carbonara  1 Bag with 5 Pack","SAMYANG","Grocery & Gourmet Food","Catalyst Products Export - Wed May 27 2026 19_50_25 GMT+0900 (한국 표준시).csv"
"samyang","B0C9D5576K","Samyang Buldak Spicy Ramen  Hot Chicken Ramen  Korean Stir-Fried Instant Noodle  Original  1 Bag with 5 Pack","SAMYANG","Grocery & Gourmet Food","Catalyst Products Export - Wed May 27 2026 19_50_25 GMT+0900 (한국 표준시).csv"
"samyang","B0CG1H78J1","Samyang Buldak Spicy Ramen  Hot Chicken Ramen  Korean Stir-Fried Instant Noodle  2X Spicy  1 Bag with 5 Pack","SAMYANG","Grocery & Gourmet Food","Catalyst Products Export - Wed May 27 2026 19_50_25 GMT+0900 (한국 표준시).csv"
"samyang","B0CG1KTF9H","Samyang Buldak Spicy Ramen  Hot Chicken Ramen  Korean Stir-Fried Instant Noodle  Cheese  1 Bag with 5 Pack","SAMYANG","Grocery & Gourmet Food","Catalyst Products Export - Wed May 27 2026 19_50_25 GMT+0900 (한국 표준시).csv"
"samyang","B0CJLWXSK9","Samyang Buldak Spicy Ramen  Hot Chicken Ramen  Korean Stir-Fried Instant Noodle  Carbonara  1 Bag (Pack of 10)","SAMYANG","Grocery & Gourmet Food","Catalyst Products Export - Wed May 27 2026 19_50_25 GMT+0900 (한국 표준시).csv"
"samyang","B0CM2YFKJ4","Buldak Spicy Ramen  Carbonara Hot Chicken Ramen  Korean Stir-Fried Instant Noodle  5 Pack","SAMYANG","Grocery & Gourmet Food","Catalyst Products Export - Wed May 27 2026 19_50_25 GMT+0900 (한국 표준시).csv"
"samyang","B0CMZK9JDC","Samyang Carbo Buldak Tteokbokki Korean Rice Cake Instant 6.31 Oz","SAMYANG","Grocery & Gourmet Food","Catalyst Products Export - Wed May 27 2026 19_50_25 GMT+0900 (한국 표준시).csv"
"samyang","B0CN2VW4PV","Samyang Spicy Chicken Ramen Roasted Noodles  Buldak Artificial Spicy Chicken flavor 4.94 oz (5 Packs) Original","SAMYANG","N.A.","Catalyst Products Export - Wed May 27 2026 19_50_25 GMT+0900 (한국 표준시).csv"
"samyang","B0CW741YW7","Samyang Buldak Hot Spicy Chicken Ramen Noodle Korean Stir-Fried Ramen  Original Flavor  4.94 Ounce (Pack of 10)","Samyang","N.A.","Catalyst Products Export - Wed May 27 2026 19_50_25 GMT+0900 (한국 표준시).csv"
"samyang","B0CWCQVJRF","Samyang Buldak 20-Pack of Habanero Lime Hot Chicken Flavor Ramen  Korean Stir-Fried Instant Noodles 4.58 oz Packet + 12 Pairs of Eco-Friendly Disposable Bamboo Round Chopsticks by Lavinia Essentials Brand","SAMYANG","Grocery & Gourmet Food","Catalyst Products Export - Wed May 27 2026 19_50_25 GMT+0900 (한국 표준시).csv"
"samyang","B0CXPCYFXB","Samyang Buldak Hot Spicy Chicken Flavor Ramen Korean Stir-Fried Instant Package Noodle Cream Carbonara 1 Bag with 5 Pack 4.93 OZ","SAMYANG","N.A.","Catalyst Products Export - Wed May 27 2026 19_50_25 GMT+0900 (한국 표준시).csv"
"samyang","B0D143Q7KM","Buldak Ramen Noodles Cheese Flavor - 6 Pack Cup Noodles  Korean Spicy Hot Chicken Stir Samyang Brand","SAMYANG","Grocery & Gourmet Food","Catalyst Products Export - Wed May 27 2026 19_50_25 GMT+0900 (한국 표준시).csv"
"samyang","B0D15TQY4Z","Tangle Bulgogi Alfredo Tangluccine - Instant Pasta Noodles  Microwave Ready  Firm Bouncy Air Dried Noodles  Korean Inspired Alfredo Fettuccine With Creamy Bulgogi Sauce [3.81 OZ (108g) x 4 Bags]","SAMYANG","Grocery & Gourmet Food","Catalyst Products Export - Wed May 27 2026 19_50_25 GMT+0900 (한국 표준시).csv"
"samyang","B0D6FYQ1HP","Samyang Spicy Chicken Roasted Sauce  Korean Food or Sauce 7 Oz (Carbo) Pack of 2","SAMYANG","Grocery & Gourmet Food","Catalyst Products Export - Wed May 27 2026 19_50_25 GMT+0900 (한국 표준시).csv"
"samyang","B0D97YW3MJ","Samyang Buldak Hot Chicken Spicy Ramen Korea Instant Packaged Noodles Carbonara 4.58 oz 5 Pack","SAMYANG","Grocery & Gourmet Food","Catalyst Products Export - Wed May 27 2026 19_50_25 GMT+0900 (한국 표준시).csv"
"samyang","B0DMCQS7WQ","Samyang Buldak Korean Spicy Hot Chicken Stick Sauce Original Flavor Authentic Korean Sauce for Ramen Snacks and Dipping 0.17 fl oz (Pack of 50)","SAMYANG","Grocery & Gourmet Food","Catalyst Products Export - Wed May 27 2026 19_50_25 GMT+0900 (한국 표준시).csv"
"samyang","B0DNDRWYPD","W&E Mart Ramen  Buldak Hot Spicy Chicken Ramen Noodle  Korean Stir-Fried  Original Flavor  Pack of 6 cups","SAMYANG","Grocery & Gourmet Food","Catalyst Products Export - Wed May 27 2026 19_50_25 GMT+0900 (한국 표준시).csv"
"samyang","B0DP9HV8R6","Samyang Carbo Buldak Tteokbokki Korean Rice Cake Instant 8oz 230g (Pack of 2)","SAMYANG","Grocery & Gourmet Food","Catalyst Products Export - Wed May 27 2026 19_50_25 GMT+0900 (한국 표준시).csv"
"samyang","B0DX6169P7","Samyang Yakisoba Buldak Spicy Ramen Noodle  Artificial Spicy Chicken Flavor  4.4 oz x 5 Bags  Asin Noodles 22 oz (620g)","SAMYANG","Grocery & Gourmet Food","Catalyst Products Export - Wed May 27 2026 19_50_25 GMT+0900 (한국 표준시).csv"
"samyang","B0DX62YWZB","Samyang Rose Buldak Spicy Ramen Noodle  Artificial Spicy Chicken Flavor  4.93oz x 5 Bags  Asin Noodles 24.65 oz (700g)","SAMYANG","Grocery & Gourmet Food","Catalyst Products Export - Wed May 27 2026 19_50_25 GMT+0900 (한국 표준시).csv"
"samyang","B0DX83PP16","Samyang MEP Garlic Clam Ramen  Spicy Korean Instant Bag Noodle Soup  Refreshing Seafood Broth Ramyeon  Easy Cook Noodles  3.88 oz (Pack of 4 Bags)","SAMYANG","Grocery & Gourmet Food","Catalyst Products Export - Wed May 27 2026 19_50_25 GMT+0900 (한국 표준시).csv"
"samyang","B0F22K5HVX","Samyang Tangle Creamy Mushroom Linguine Truffle and Shiitake Flavor Savory Non-Spicy Sauce Air Dried Noodle Easy Cook Pasta 3.63 oz (Pack of 4)","SAMYANG","Grocery & Gourmet Food","Catalyst Products Export - Wed May 27 2026 19_50_25 GMT+0900 (한국 표준시).csv"
"samyang","B0F25BWWV3","Samyang Buldak Korean Spicy Hot Chicken Sauce Carbonara Flavor Authentic Korean Sauce for Noodles and Rice 5.57 fl oz (Pack of 2)","SAMYANG","Grocery & Gourmet Food","Catalyst Products Export - Wed May 27 2026 19_50_25 GMT+0900 (한국 표준시).csv"
"samyang","B0F25BZ5XH","Samyang Buldak Korean Spicy Hot Chicken Sauce Original Flavor Authentic Korean Sauce for Ramen Noodles Rice and Cooking 5.57 fl oz (Pack of 2)","SAMYANG","Grocery & Gourmet Food","Catalyst Products Export - Wed May 27 2026 19_50_25 GMT+0900 (한국 표준시).csv"
"samyang","B0F25DNYT9","Samyang Buldak Korean Spicy Hot Chicken Sauce Carbonara Flavor Authentic Korean Sauce for Noodle and Rice 5.57 fl oz (Pack of 2)","SAMYANG","Grocery & Gourmet Food","Catalyst Products Export - Wed May 27 2026 19_50_25 GMT+0900 (한국 표준시).csv"
"samyang","B0F25DR6YM","Samyang Buldak Korean Spicy Hot Chicken Stick Sauce Carbonara Flavor Authentic Korean Sauce for Ramen Snacks and Dipping 0.17 fl oz (Pack of 50)","SAMYANG","Grocery & Gourmet Food","Catalyst Products Export - Wed May 27 2026 19_50_25 GMT+0900 (한국 표준시).csv"
"samyang","B0F7714ZVM","Samyang Tangle Bulgogi Alfredo Pasta Bowl | Futtuccine Pasta | Mukbang | 15g of Protein | 4g of Fiber | Chick Pea based | Easy Prep | Convenient | 6 Bowls","SAMYANG","Grocery & Gourmet Food","Catalyst Products Export - Wed May 27 2026 19_50_25 GMT+0900 (한국 표준시).csv"
"samyang","B0F773WTWN","Samyang Tangle Chunky Tomato Linguine Savory Garlic and Onion Flavor Authentic Italian Inspired Sauce Air Dried Noodle Quick Meal 3.70 oz (Pack of 6)","SAMYANG","Grocery & Gourmet Food","Catalyst Products Export - Wed May 27 2026 19_50_25 GMT+0900 (한국 표준시).csv"
"samyang","B0F9QP42CZ","Buldak Potato Chips (Quattro Cheese)","SAMYANG","Grocery & Gourmet Food","Catalyst Products Export - Wed May 27 2026 19_50_25 GMT+0900 (한국 표준시).csv"
"samyang","B0FBRGSN4H","Samyang MEP Garlic Clam Ramen  Spicy Korean Instant Noodle Soup  ENHYPEN Pick  Refreshing Seafood Bone Broth Ramyeon  3.88 oz (Pack of 4)","SAMYANG","Grocery & Gourmet Food","Catalyst Products Export - Wed May 27 2026 19_50_25 GMT+0900 (한국 표준시).csv"
"samyang","B0FBRJXV7V","Samyang MEP Black Pepper Beef Ramen Spicy Korean Instant Noodle Soup ENHYPEN Pick Rich Bone Broth Quick Microwave Meal 3.88 oz (Pack of 4)","SAMYANG","Grocery & Gourmet Food","Catalyst Products Export - Wed May 27 2026 19_50_25 GMT+0900 (한국 표준시).csv"
"samyang","B0FJDRLMXM","Samyang Buldak Hot Sauce - 2X Spicy  Korean Spicy Hot Chicken 2X Flavor Sauce [5.57 fl oz (200g) x 2 pack]","SAMYANG","Grocery & Gourmet Food","Catalyst Products Export - Wed May 27 2026 19_50_25 GMT+0900 (한국 표준시).csv"
"samyang","B0FJYQ2JD4","Samyang MEP Black Pepper Beef Ramen  Spicy Korean Instant Bowl Noodle Soup  Rich Bone Broth Ramyeon  Quick Microwave Meal  3.88 oz (Pack of 6)","SAMYANG","Grocery & Gourmet Food","Catalyst Products Export - Wed May 27 2026 19_50_25 GMT+0900 (한국 표준시).csv"
"samyang","B0FJYSPK3H","Samyang MEP Chicken Cilantro Ramen  Spicy Korean Instant Bowl Noodle Soup  Savory Bone Broth Ramyeon  Lime Freshness  3.88 oz (Pack of 6 Bowls)","SAMYANG","Grocery & Gourmet Food","Catalyst Products Export - Wed May 27 2026 19_50_25 GMT+0900 (한국 표준시).csv"
"samyang","B0FJZCCZ6P","Samyang MEP Garlic Clam Ramen Spicy Instant Bowl Noodle Soup  Refreshing Seafood Broth Ramyeon  Quick Microwave Meal  3.88 oz (Pack of 6 Bowls)","SAMYANG","Grocery & Gourmet Food","Catalyst Products Export - Wed May 27 2026 19_50_25 GMT+0900 (한국 표준시).csv"
"samyang","B0GLFFXH5T","Samyang Buldak Hot Sauce Original  Spicy Chicken Flavor  165ml (5.6 fl oz) Bottles  Pack of 12","SAMYANG","Grocery & Gourmet Food","Catalyst Products Export - Wed May 27 2026 19_50_25 GMT+0900 (한국 표준시).csv"
"samyang","B0GP3635BP","Samyang Buldak Swicy Korean Instant Ramen Noodles Mild Sweet and Spicy Stir-Fried Chicken Flavor with Crunchy Star Sugar Sprinkles 4.58oz (Pack of 5)","SAMYANG","Grocery & Gourmet Food","Catalyst Products Export - Wed May 27 2026 19_50_25 GMT+0900 (한국 표준시).csv"
"samyang","B0GP3B24H7","Samyang Buldak Swicy Korean Instant Ramen Big Bowl  Mild Sweet & Spicy Chicken Flavor with Crunchy Star Sugar Sprinkles 3.7oz (Pack of 6)","SAMYANG","Grocery & Gourmet Food","Catalyst Products Export - Wed May 27 2026 19_50_25 GMT+0900 (한국 표준시).csv"
"samyang","B0GS9TNFNC","Samyang  Buldak Carbo Ramen Bowl Hot Chicken Flavor  3.7 Ounce","SAMYANG","Grocery & Gourmet Food","Catalyst Products Export - Wed May 27 2026 19_50_25 GMT+0900 (한국 표준시).csv"
"tnl","B074PVTPBW","Mighty Patch Original Patch from Hero Cosmetics - #1 Hydrocolloid Acne Pimple Patches for Face  Shrinking Zits & Whiteheads in 1 Use  Nighttime Spot Pimple Stickers for Face  36 Count","Mighty Patch","Beauty & Personal Care","Catalyst Products Export - Wed May 27 2026 19_50_07 GMT+0900 (한국 표준시).csv"
"tnl","B07B4KQVK6","Mighty Patch Original patch from Hero Cosmetics – The #1 Hydrocolloid Acne Pimple Patch for Shrinking Zits and Whiteheads in 1 use; Nighttime Spot Stickers for Face and Skin (72 Count)","Mighty Patch","Beauty & Personal Care","Catalyst Products Export - Wed May 27 2026 19_50_07 GMT+0900 (한국 표준시).csv"
"tnl","B07KJS13PK","Mighty Patch™ Invisible+ Patch - Daytime Hydrocolloid Acne Pimple Patches for Covering Zits and Blemishes  Ultra Thin Spot Stickers for Face and Skin (24 Medium and 15 Small Patches)","Mighty Patch","Beauty & Personal Care","Catalyst Products Export - Wed May 27 2026 19_50_07 GMT+0900 (한국 표준시).csv"
"tnl","B07KJXFJHF","Mighty Patch Surface Large Pimple Patches for Face  Acne Spot Patch for Cheek  Forehead  and Chin  Pimple Stickers  Hydrocolloid Covers  Vegan-friendly  from Hero Cosmetics  10 Count","Mighty Patch","Beauty & Personal Care","Catalyst Products Export - Wed May 27 2026 19_50_07 GMT+0900 (한국 표준시).csv"
"tnl","B085P3TYPS","Mighty Patch™ Variety Pack from Hero Cosmetics - Hydrocolloid Acne Pimple Patches for Covering Zits and Blemishes  Spot Stickers for Face and Skin  Korean Skin Care  26 ct","Mighty Patch","Beauty & Personal Care","Catalyst Products Export - Wed May 27 2026 19_50_07 GMT+0900 (한국 표준시).csv"
"tnl","B09NNF2DXX","Mighty Patch Nose Pimple Patches  Large Hydrocolloid Pore Strips  Dermatologist Approved  Overnight  Pimple Stickers from Hero Cosmetics  10 count","Mighty Patch","Beauty & Personal Care","Catalyst Products Export - Wed May 27 2026 19_50_07 GMT+0900 (한국 표준시).csv"
"tnl","B0B16VD9RQ","Mighty Patch Hero Cosmetics Face Patch - XL Hydrocolloid Face Mask for Acne  5 Large Pimple Patches for Zit Breakouts on Nose  Chin  Forehead & Cheeks (1 Count)","Mighty Patch","Beauty & Personal Care","Catalyst Products Export - Wed May 27 2026 19_50_07 GMT+0900 (한국 표준시).csv"
"tnl","B0BMM44HBF","Mighty Patch Hero Cosmetics Chin Patch - XL Contoured Hydrocolloid Chin Patch for Blemishes and Pimples - Non-Irritating (10 Count)","Mighty Patch","Beauty & Personal Care","Catalyst Products Export - Wed May 27 2026 19_50_07 GMT+0900 (한국 표준시).csv"
"tnl","B0BPDBYRTZ","Mighty Patch Micropoint Large Hydrocolloid Pimple Patches for Face Blemishes from Hero Cosmetics  Acne Stickers for Early Stage Zits & Hidden Pimples  395 Proprietary Micropoints  8 Count","Mighty Patch","Beauty & Personal Care","Catalyst Products Export - Wed May 27 2026 19_50_07 GMT+0900 (한국 표준시).csv"
"tnl","B0BS49YW8Z","Mighty Patch Hero Cosmetics Micropoint™ for Dark Spots - Post-Blemish Dark Spot Patch with 395 Micropoints  Dermatologist Tested and Non-irritating (8 Count)","Mighty Patch","Beauty & Personal Care","Catalyst Products Export - Wed May 27 2026 19_50_07 GMT+0900 (한국 표준시).csv"
"tnl","B0BWL2J93X","Mighty Patch Hero Cosmetics Micropoint™ Large Hydrocolloid Pimple Patches for Face Blemishes  Acne Stickers for Early Stage Zits & Hidden Pimples  1 385 Proprietary Micropoints  6 Count","Mighty Patch","Beauty & Personal Care","Catalyst Products Export - Wed May 27 2026 19_50_07 GMT+0900 (한국 표준시).csv"
"tnl","B0CGMC8WS9","HERO COSMETICS Mighty Patch™ for Tired Eyes Patches - Soothing Hydrogel Patches - Awakens and Visibly De-puffs Undereyes with Multiple Applications (6 Count)","Mighty Patch","Beauty & Personal Care","Catalyst Products Export - Wed May 27 2026 19_50_07 GMT+0900 (한국 표준시).csv"
"tnl","B0CMDGP48L","Hero Cosmetics Mighty Patch™ Forehead Patch - Hydrocolloid Acne Pimple Patch  Contoured to Cover Larger Area of Zits and Blemishes - Drug-Free and Suitable for Sensitive Skin (5 Count)","Mighty Patch","Beauty & Personal Care","Catalyst Products Export - Wed May 27 2026 19_50_07 GMT+0900 (한국 표준시).csv"
"tnl","B0D38DMBPQ","Mighty Patch Mini Invisible+ Patches - X-Small Daytime Hydrocolloid Acne Pimple Patches for Covering Zits & Blemishes  Blends Into Skin & Barely There (30 Count  10mm Patch)","Mighty Patch","Beauty & Personal Care","Catalyst Products Export - Wed May 27 2026 19_50_07 GMT+0900 (한국 표준시).csv"
"tnl","B0DLLDXQ18","Mighty Patch Hero Cosmetics Body Patch– The XXL Hydrocolloid Patch for Bacne  Chestne  and Other Body Breakouts. Derm-Tested. Medical-Grade Hydrocolloid. Absorbs Pimple Gunk in 6-8 Hours. 4ct","Mighty Patch","Beauty & Personal Care","Catalyst Products Export - Wed May 27 2026 19_50_07 GMT+0900 (한국 표준시).csv"
"tnl","B0DNR8RF83","Mighty Patch Original Patch from Hero Cosmetics - #1 Best Selling Hydrocolloid Acne Pimple Patches for Face  Shrinking Zits & Whiteheads in 1 Use  Nighttime Spot Pimple Stickers for Face  75 Count","Mighty Patch","Beauty & Personal Care","Catalyst Products Export - Wed May 27 2026 19_50_07 GMT+0900 (한국 표준시).csv"
"tnl","B0DVHVB9DY","Mighty Patch™ Day and Night Patches – The Hydrocolloid Patch Duo Pack. Derm-Tested. Medical-Grade Hydrocolloid. Absorbs Pimple Gunk in 6-8 Hours. 36ct (18x Original  18x Invisible+)","Mighty Patch","Beauty & Personal Care","Catalyst Products Export - Wed May 27 2026 19_50_07 GMT+0900 (한국 표준시).csv"
"tnl","B0DVJ7BLQ7","Mighty Patch™ Invisible+ Patch – The Barely-There Daytime Hydrocolloid Acne Pimple Patch for Covering Zits and Blemishes  Tapered Edges Designed to Blend Into Skin (72ct)","Mighty Patch","Beauty & Personal Care","Catalyst Products Export - Wed May 27 2026 19_50_07 GMT+0900 (한국 표준시).csv"
